"proba_ass";"ident";"noi";"wpela15"
0.0168;"13000009";"2";534.31682825
0.0664;"13000026";"2";512.88414474
8e-04;"13000026";"3";512.88414474
0.0488;"13000032";"1";811.5402528
0.8596;"13000077";"1";392.83499306
0.0584;"13000083";"1";716.17557659
0.3928;"13000083";"2";716.17557659
0.9904;"13000109";"1";583.33805626
0.3176;"13000110";"2";544.32588407
0.2896;"13000115";"1";564.87869319
0.0484;"13000122";"1";364.22269886
0.3684;"13000174";"1";537.10731212
0.2172;"13000191";"1";2309.1015446
0.9268;"13000201";"1";802.69290122
0.0028;"13000246";"2";540.99344702
0.1556;"13000282";"2";378.23016558
0.0208;"13000289";"1";382.21530326
0.0508;"13000329";"1";998.32416901
0.4264;"13000366";"1";500.75686546
0.0628;"13000367";"2";719.11177648
0.5572;"13000376";"1";514.81274
0.9652;"13000383";"1";779.46052145
0.2164;"13000427";"2";366.64713689
0.048;"13000442";"1";1098.2134411
0.1864;"13000464";"1";1486.9674936
0.4648;"13000490";"1";530.00896486
0.3248;"13000503";"1";645.84617697
0.016;"13000506";"1";728.02221255
0.1064;"13000538";"1";649.34519137
0.1472;"13000566";"1";922.99620465
0.7436;"13000593";"1";371.96686169
0.4408;"13000593";"2";371.96686169
0.112;"13000595";"1";642.70622166
0.4884;"13000664";"1";1109.3700199
0.7256;"13000726";"2";853.42659235
0.1336;"13000843";"1";483.40788051
0.7276;"13000852";"2";345.28878495
0.1488;"13000855";"1";623.76946346
0.0976;"13000900";"1";890.53638365
0.1316;"13000986";"1";572.59503428
0.2264;"13000997";"2";562.37602815
0.2968;"13001010";"2";296.63035021
0.9756;"13001039";"1";1233.3587229
0.1568;"13001056";"1";462.27901003
0.004;"13001096";"1";425.20033581
0.4084;"13001105";"2";573.51439252
0.0916;"13001150";"1";224.19362893
0.068;"13001154";"1";740.07332268
0.036;"13001189";"1";1705.7991859
0.0096;"13001208";"2";398.2763684
0.0068;"13001231";"1";262.35211353
0.6732;"13001298";"2";375.49021235
0.0032;"13001302";"1";6880.3844594
0.176;"13001342";"2";491.62587352
0.0476;"13001347";"1";1298.5108667
0.0292;"13001361";"1";359.28103096
0.0224;"13001401";"2";1045.7983119
0.0072;"13001422";"1";831.58678529
0.9108;"13001539";"1";350.14276201
0.0244;"13001558";"1";471.37955255
0.0196;"13001571";"2";461.10380072
0.0196;"13001577";"1";1010.1777159
0.0152;"13001579";"2";612.15380105
0.0172;"13001623";"4";505.30747984
0.0116;"13001623";"5";505.30747984
0.088;"13001664";"1";299.63038671
0.5304;"13001673";"1";1033.1975236
0.0872;"13001705";"1";321.37499358
0.292;"13001792";"1";378.86439917
0.004;"13001798";"1";403.6682623
0.332;"13001838";"1";514.70938487
0.0468;"13001860";"1";1424.8633606
0.0016;"13001992";"1";374.14057774
0.2416;"13002091";"1";587.62077295
0.2916;"13002107";"2";775.82539497
0.5996;"13002119";"1";588.88512623
0.094;"13002140";"1";904.1049846
0.0724;"13002159";"1";462.82797039
0.0864;"13002202";"1";1224.2416395
0.2972;"13002202";"2";1224.2416395
0.0124;"13002205";"1";590.49887099
0.0088;"13002206";"1";1068.7340384
0.0132;"13002206";"2";1068.7340384
0.4604;"13002209";"1";591.14404873
0.3576;"13002318";"1";590.31066377
0.0384;"13002399";"1";635.44718501
0.908;"13002444";"1";469.9779022
0.4788;"13002457";"1";429.75551596
0.1448;"13002459";"2";455.65878829
0.0952;"13002527";"1";837.60153374
0.6236;"13002562";"2";375.22007659
0.1072;"13002571";"1";668.19000803
0.2336;"13002574";"2";526.82087219
0.3276;"13002591";"1";223.34455199
0.1068;"13002593";"3";588.87210056
0.0012;"13002594";"1";942.37986154
0.0012;"13002597";"1";799.71480223
0.4152;"13002622";"1";678.4018662
0.1712;"13002659";"1";1614.1358825
0.0608;"13002679";"1";664.78766407
4e-04;"13002704";"1";772.71059239
0.7424;"13002706";"1";798.84017925
0.1128;"13002721";"2";624.05576813
0.0328;"13002735";"1";580.76579016
0.1408;"13002774";"2";1445.832413
0.0484;"13002901";"1";348.41799748
0.0696;"13002902";"1";3293.9135938
0.4612;"13002912";"3";1045.2050682
0.0936;"13002953";"1";465.10940254
0.0076;"13002983";"1";1238.3648872
0.2228;"13002987";"1";804.63246764
0.1196;"13003026";"2";1388.7427574
0.0076;"13003056";"1";449.26625997
0.7204;"13003065";"1";599.28945183
0.01;"13003069";"1";683.56304689
0.0112;"13003072";"3";1071.8665552
0.0036;"13003077";"5";494.56323689
0.5048;"13003106";"1";873.25679416
0.0156;"13003175";"1";596.84360365
0.1316;"13003198";"1";860.71583004
0.074;"13003212";"1";550.49893702
0.0316;"13003224";"1";777.17734221
0.038;"13003297";"1";398.31347896
0.5752;"13003422";"1";1018.2993791
0.1168;"13003423";"1";523.81995966
0.0144;"13003506";"1";1037.544071
0.6516;"13003558";"1";670.14415546
0.2076;"13003609";"1";1091.0526601
0.0144;"13003625";"1";404.66105359
0.0308;"13003641";"1";1089.1972216
0.298;"13003655";"1";845.24851762
0.5724;"13003664";"1";606.63609039
0.9552;"13003706";"1";449.34826079
0.5116;"13003711";"1";517.71456077
0.2888;"13003852";"1";595.61425373
0.042;"13003858";"1";763.5230813
0.0776;"13003879";"1";719.50811039
0.0632;"13003881";"1";833.4196313
0.372;"13003897";"2";696.21572567
0.0476;"13003910";"1";565.84586692
0.4116;"13004018";"1";1391.105056
0.6648;"13004056";"1";779.38983443
0.0136;"13004061";"2";768.58637826
0.0136;"13004061";"2";768.58637826
0.0464;"13004066";"2";417.33859069
0.0568;"13004086";"2";133.84127193
0.0068;"13004185";"1";681.38839988
0.1916;"13004237";"1";455.10559929
0.004;"13004353";"1";1060.7641689
0.1296;"13004409";"1";1266.5914505
0.3132;"13004441";"1";1258.493666
0.0912;"13004491";"1";438.58856471
0;"13004495";"1";824.16567433
0.0484;"13004548";"1";619.44739645
0.87;"13004562";"1";221.54020798
0.244;"13004570";"1";656.20211453
0.2192;"13004591";"2";190.83982988
0.452;"13004593";"1";526.86543631
0.7304;"13004662";"1";449.91684889
0.002;"13004682";"1";1201.3646654
0.026;"13004686";"2";366.54051568
0.0744;"13004710";"1";915.92393964
0.9528;"13004769";"2";831.97115435
0.61;"13004796";"1";414.53103155
0.3384;"13004802";"1";348.09671092
0.4628;"13004821";"2";511.89392841
0.6436;"13004868";"2";1003.2696438
0.4712;"13004976";"1";656.0298179
0.1348;"13005086";"1";582.16749101
0.128;"13005086";"2";582.16749101
0.0372;"13005183";"1";697.86200353
0.3276;"13005208";"2";728.97545891
0.0196;"13005327";"1";633.84451032
0.97;"13005344";"1";585.06925608
0.0408;"13005367";"1";607.47815947
0.824;"13005446";"1";686.34752126
0.4212;"13005455";"1";689.06820319
0.5468;"13005473";"1";762.3220225
0.0676;"13005481";"1";859.1589382
0.0088;"13005491";"1";537.96321539
0.3284;"13005506";"1";483.61056247
0.5744;"13005537";"1";615.0626166
0.7964;"13005567";"1";603.24751037
0.1632;"13005625";"1";560.2484692
0.0352;"13005749";"1";664.87260502
0.0032;"13005773";"2";1278.3586613
0.0176;"13005791";"1";517.01065999
0.0116;"13005823";"5";582.82588375
0.0112;"13005870";"1";824.83858494
0.9568;"13005873";"1";528.31536205
0.0396;"13005893";"1";1429.9009822
0.5544;"13005894";"1";664.59165532
0.4728;"13005920";"1";284.78743081
0.3692;"13005984";"2";734.08211519
0.1704;"13006024";"1";318.00804886
0.0644;"13006059";"2";1518.6857962
0.0124;"13006062";"1";688.27870696
0.0516;"13006117";"1";460.36390832
0.0972;"13006212";"1";822.70226721
0.0256;"13006212";"2";822.70226721
0.1928;"13006226";"1";905.64870674
0.052;"13006274";"1";722.7584729
0.874;"13006290";"4";521.43655466
0.0392;"13006332";"1";474.89865567
0.49;"13006332";"2";474.89865567
0.0116;"13006359";"1";531.14788539
0.8364;"13006419";"1";529.1193206
0.696;"13006448";"1";1183.2770392
0.0104;"13006456";"2";480.93372287
0.0272;"13006485";"1";430.52171859
0.0532;"13006497";"1";398.08248472
0.0136;"13006505";"1";1687.665935
0.1644;"13006511";"1";2389.1907338
0.1436;"13006648";"1";845.64686983
0.186;"13006660";"2";455.93501647
0.3536;"13006698";"1";594.47137561
0.0852;"13006742";"1";533.31405786
0.0116;"13006783";"1";535.66631553
0.0812;"13006856";"1";437.47054812
0.0424;"13006858";"2";415.7805985
0.0124;"13006860";"2";730.58568856
0.0084;"13006863";"1";893.70345568
0.1072;"13006929";"1";590.74738954
0.9672;"13006991";"1";690.16390477
0.1404;"13007004";"2";360.18636119
0.0436;"13007017";"1";803.2864135
0.27;"13007025";"1";473.11179563
0.1336;"13007037";"2";701.44900564
0.3908;"13007039";"1";861.11517262
0.0876;"13007063";"1";587.57405989
0.0796;"13007159";"2";525.9498013
0.0588;"13007160";"1";672.7580157
0.27;"13007211";"1";877.2139849
0.0444;"13007219";"2";278.78693471
0.0028;"13007237";"1";272.44813592
0.1196;"13007274";"3";470.6971689
0.7444;"13007325";"1";758.41241773
0.2128;"13007347";"2";370.14541998
0.0112;"13007350";"1";923.73683278
0.0152;"13007358";"1";530.79736686
0.016;"13007369";"1";376.72963407
0.4672;"13007453";"1";1092.7291938
0.1688;"13007459";"1";605.05242212
0.9628;"13007460";"2";285.37421667
0.076;"13007461";"2";1148.822002
0.982;"13007478";"1";1535.1061137
0.2892;"13007508";"2";591.49394147
0.102;"13007549";"2";713.43814769
0.4012;"13007586";"1";537.56543355
0.0548;"13007615";"1";488.52329748
0.2212;"13007646";"1";793.70900719
0.0416;"13007705";"2";653.32628839
0.2984;"13007716";"1";374.09455179
0.8492;"13007722";"2";699.62399897
0.3836;"13007830";"1";554.72856868
0.0288;"13007871";"1";514.08887766
0.0232;"13007900";"1";634.53668876
0.1292;"13007907";"1";378.10520972
0.3232;"13007986";"1";421.59635357
0.0804;"13008004";"1";589.94627932
0.0508;"13008025";"1";1257.1674768
0.3756;"13008109";"2";241.13157278
0.1348;"13008113";"1";642.47909627
0.0012;"13008131";"1";333.98437008
0.0896;"13008206";"1";2723.2240395
0.1444;"13008226";"2";626.93415766
0.4944;"13008233";"2";521.67548258
0.01;"13008238";"2";747.49557349
0.3108;"13008278";"5";808.98696674
0.1268;"13008321";"1";660.70997747
0.3604;"13008332";"1";796.76278801
0.5096;"13008357";"1";503.0869673
0.048;"13008392";"1";663.40254783
0.0064;"13008449";"1";652.38217249
0.0156;"13008462";"2";605.48689196
0.0792;"13008536";"2";104.51742784
0.0208;"13008558";"1";987.72028666
0.398;"13008574";"1";703.09463407
0.0208;"13008577";"2";312.27468239
0.5944;"13008611";"1";495.26639503
0.0152;"13008646";"1";502.31199549
0.436;"13008689";"1";1024.7756013
0.4116;"13008747";"1";945.00863996
0.0456;"13008758";"1";709.134506
0.038;"13008760";"1";367.42126598
0.2476;"13008804";"1";465.81360331
0.3504;"13008821";"1";381.59272219
0.0776;"13008821";"2";381.59272219
0.0076;"13008840";"2";933.60483214
0.1404;"13008845";"1";380.02387461
0.3312;"13008846";"1";385.45425203
0.0392;"13008855";"2";755.43461013
0.1144;"13008858";"1";844.58137047
0.9408;"13008895";"1";512.20817303
0.0316;"13008900";"1";545.11378181
0.1896;"13008928";"1";338.95706542
0.008;"13008946";"2";696.18990195
0.3064;"13008967";"2";1030.0972859
0.0068;"13008971";"1";504.91383958
0.1668;"13009065";"2";453.60996878
0.4768;"13009070";"1";460.9211874
0.0408;"13009086";"1";448.81577144
0.7964;"13009103";"1";605.85338825
0.0968;"13009139";"1";1068.8115358
0.3728;"13009200";"2";618.2772154
0.0548;"13009224";"2";298.77819708
0.008;"13009225";"2";470.98405004
0.4276;"13009240";"1";543.65796607
0.0056;"13009251";"1";1993.6952309
0.0932;"13009350";"1";698.88937342
0.4824;"13009375";"1";1115.9953576
0.066;"13009400";"1";760.00115438
0.0324;"13009432";"1";449.214852
0.0236;"13009434";"3";1173.7965046
0.4952;"13009468";"1";250.89540238
0.1276;"13009492";"2";248.7003035
0.1332;"13009525";"1";546.35912886
0.134;"13009530";"2";672.61284198
0.3988;"13009544";"5";2054.6044965
0.4452;"13009594";"1";568.91499058
0.9996;"13009671";"1";932.5648517
0.1216;"13009732";"1";285.55099357
0.0132;"13009748";"2";390.63165393
0.018;"13009749";"1";388.60378671
0.378;"13009766";"1";996.74617152
0.1384;"13009797";"2";618.66263928
0.1888;"13009804";"1";1030.1498072
0.9488;"13009847";"1";99.304942823
0.8664;"13009859";"1";521.65926629
0.0088;"13009867";"1";658.49595227
0.206;"13009897";"1";866.16163833
0.3208;"13009923";"1";830.41371419
0.3856;"13009924";"1";435.61996654
0.206;"13009932";"1";432.48916957
0.0056;"13009933";"1";885.70818161
0.222;"13009960";"2";351.76333601
0.0084;"13009963";"1";579.6403049
0.6044;"13009965";"1";353.60764521
0.2316;"13010003";"1";2239.663638
0.2176;"13010012";"1";521.51487975
0.648;"13010040";"1";991.82544613
0.0208;"13010096";"2";291.11343302
0.0384;"13010126";"1";643.9033237
0.676;"13010134";"1";637.7623748
0.192;"13010142";"1";632.79878605
0.9628;"13010170";"1";3071.2281096
0.0392;"13010174";"2";470.5800638
0.406;"13010181";"1";309.05617473
0.1704;"13010196";"2";752.26738716
0.0124;"13010203";"1";1005.2072097
0.4172;"13010217";"1";497.46975872
0.0188;"13010220";"1";934.1654103
0.0272;"13010271";"1";332.67044001
0.4484;"13010296";"1";949.92066941
0.7968;"13010314";"1";612.58226281
0.0292;"13010342";"2";179.41979765
0.016;"13010416";"2";1156.730772
0.0572;"13010429";"1";930.71903832
0.1672;"13010457";"1";238.11776716
0.0568;"13010466";"2";160.64924661
0.006;"13010503";"1";808.26575979
0.0652;"13010503";"2";808.26575979
0.0956;"13010536";"1";641.90492495
0.3744;"13010590";"1";665.02156666
0.0692;"13010620";"1";891.41509381
0.2836;"13010666";"1";425.04243948
0.2352;"13010685";"1";1296.9945535
0.606;"13010696";"1";457.70282044
0.6508;"13010711";"1";378.64321127
0.1116;"13010719";"1";621.56400059
0.0204;"13010745";"1";991.47979622
0.0056;"13010755";"2";642.35980355
0.848;"13010778";"2";442.59803491
0.0252;"13010784";"1";557.7168394
0.0032;"13010784";"2";557.7168394
0.1164;"13010793";"1";1582.6086638
0.1836;"13010844";"6";472.55660259
0.0372;"13010877";"1";531.56361107
0.0732;"13010908";"2";793.09493957
0.0012;"13010916";"2";343.28854441
0.4452;"13010927";"1";648.66997063
0.4632;"13010976";"1";479.91915325
0.1548;"13010976";"2";479.91915325
0.0016;"13010996";"1";950.51609822
0.4568;"13011007";"1";343.78641731
0.0664;"13011021";"1";838.38795394
0.1652;"13011042";"1";309.56593158
0.0356;"13011054";"1";541.65527094
0.1548;"13011063";"1";473.51180973
0.258;"13011078";"2";854.83176867
0.0708;"13011086";"1";841.79342602
0.1484;"13011101";"1";943.8859687
0.0592;"13011134";"1";510.48006275
0.008;"13011181";"1";458.45413215
0.0084;"13011181";"2";458.45413215
0.3012;"13011220";"2";588.05690701
0.0256;"13011259";"1";1899.5043572
0.004;"13011259";"2";1899.5043572
0.054;"13011284";"1";779.5192817
0.5204;"13011287";"1";425.65879525
0.4412;"13011287";"2";425.65879525
0.258;"13011297";"1";750.87711555
0.0012;"13011299";"1";1648.468206
0.7548;"13011327";"1";346.12476012
0.3344;"13011344";"1";622.60729631
0.4748;"13011459";"1";898.71025237
0.0456;"13011472";"1";882.68040924
0.2064;"13011472";"2";882.68040924
0.0252;"13011489";"2";553.62828936
0.6784;"13011509";"1";741.98487755
0.0244;"13011522";"1";705.09557828
0.1028;"13011522";"2";705.09557828
0.0952;"13011548";"1";1032.3524834
0.0072;"13011593";"1";419.68140771
0.0072;"13011617";"1";541.14778958
0.2232;"13011648";"1";471.91841741
0.1676;"13011654";"1";581.17260184
0.2444;"13011774";"2";586.32234891
0.006;"13011778";"1";677.03952981
0.0764;"13011795";"1";579.03179267
0.9696;"13011804";"1";277.22861249
0.7292;"13011804";"2";277.22861249
0.2588;"13011816";"1";384.41612444
0.3132;"13011909";"1";781.4411526
0.4424;"13011916";"2";475.64704553
0.0076;"13011931";"2";584.94374353
0.3648;"13011946";"1";531.23071795
0.5272;"13011976";"1";859.55978583
0.0512;"13012003";"1";909.33591103
0.8372;"13012021";"1";399.37447145
0.0056;"13012071";"1";1046.7907322
0.0036;"13012073";"1";1002.5240885
0.6956;"13012106";"1";446.08705368
0.9648;"13012106";"2";446.08705368
0.962;"13012140";"1";820.70708747
0.1624;"13012171";"1";725.42596332
0.5012;"13012195";"2";259.17575128
0.0124;"13012219";"1";238.41329039
0.9028;"13012253";"1";454.0328656
0.1676;"13012277";"1";272.6527872
0.8688;"13012337";"2";1282.8279204
0.0844;"13012353";"2";301.60993414
0.0044;"13012368";"1";493.05984265
0.0088;"13012368";"2";493.05984265
0.0016;"13012375";"1";1783.3079535
0.02;"13012375";"2";1783.3079535
0.0148;"13012451";"1";948.18075415
0.9944;"13012488";"1";582.07405044
0.0048;"13012493";"1";604.95076175
0.1288;"13012516";"1";356.38781054
0.0376;"13012661";"1";2641.5192244
0.0112;"13012661";"2";2641.5192244
0.11;"13012663";"2";448.16468189
0.6252;"13012669";"1";532.88827462
0.186;"13012687";"1";495.67603907
0.0048;"13012701";"1";332.64156571
0.6564;"13012734";"2";603.91001086
0.074;"13012739";"2";506.19233095
0.1576;"13012781";"1";613.37495687
0.1284;"13012792";"2";481.99879884
0.1864;"13012822";"1";839.54042659
0.0316;"13012831";"1";645.52121446
0.6592;"13012891";"2";1445.4890218
0.14;"13012916";"1";827.58525682
0.1032;"13012997";"1";1033.0841933
0.2188;"13012998";"1";276.29642374
0.054;"13013009";"1";607.3262596
0.4592;"13013009";"2";607.3262596
0.288;"13013025";"1";335.90771591
0.0164;"13013028";"1";569.57737776
0.0984;"13013042";"2";550.31183911
0.8548;"13013064";"3";290.93044501
0.1392;"13013101";"1";560.2449562
0.066;"13013101";"2";560.2449562
0.2544;"13013122";"1";530.40317142
0.006;"13013147";"1";579.82892116
0.0372;"13013170";"2";690.34932709
0.1896;"13013175";"1";409.3041376
0.6624;"13013183";"1";866.011909
0.0624;"13013201";"1";1058.3673391
0.3944;"13013224";"1";475.42360948
0.5312;"13013226";"1";355.82739921
0.892;"13013298";"1";850.0667292
0.0124;"13013311";"1";530.25751566
0.456;"13013351";"1";543.27773498
0.9092;"13013360";"1";674.35449124
0.2724;"13013421";"1";1315.6534555
0.372;"13013430";"1";109.57270136
0.798;"13013453";"2";471.94512764
0.678;"13013488";"1";782.71969055
0.0264;"13013513";"1";422.80582992
0.036;"13013522";"2";322.00699694
0.2456;"13013553";"1";643.01286372
0.6456;"13013565";"1";390.00114684
0.0284;"13013566";"1";382.96566006
0.0032;"13013577";"1";581.26096105
0.0024;"13013607";"1";710.62362828
0.2804;"13013627";"1";652.92468616
0.2112;"13013643";"1";334.41759643
0.0132;"13013721";"1";459.62045682
0.0252;"13013725";"1";716.13384665
0.0072;"13013730";"1";763.23569508
0.7768;"13013750";"2";414.90545754
0.0064;"13013753";"1";559.52045324
0.006;"13013764";"1";1053.8622409
0.0012;"13013782";"2";810.94653431
0.7788;"13013785";"1";669.99405098
0.0332;"13013822";"1";852.67387753
0.0188;"13013842";"1";818.40922287
0.082;"13013862";"1";468.02077825
0.0152;"13013991";"1";766.36713257
0.0076;"13013995";"2";359.56742287
0.046;"13014027";"1";374.86155092
0.2916;"13014085";"1";476.45019017
0.0104;"13014113";"2";582.09108682
0.9648;"13014322";"4";1219.6556527
0.0296;"13014328";"1";437.94511277
0.0324;"13014355";"2";471.59092821
0.0784;"13014466";"1";626.11531691
0.008;"13014473";"1";843.84953397
0.0128;"13014482";"1";798.9843376
0.0916;"13014505";"1";493.56156869
0.0412;"13014523";"1";329.34221449
0.1128;"13014525";"2";452.12216662
0.0012;"13014590";"2";389.00560373
0.0168;"13014605";"1";358.94220064
0.602;"13014630";"1";1281.968453
0.0984;"13014657";"1";688.72849283
0.0424;"13014699";"4";638.77123147
0.0052;"13014699";"5";638.77123147
0;"13014706";"1";425.23061865
0.1036;"13014731";"1";420.12183719
0.1836;"13014731";"2";420.12183719
0.8552;"13014784";"1";771.33146097
0.3;"13014791";"1";681.73868362
0.3204;"13014832";"2";415.78811615
0.0696;"13014914";"1";590.77023749
0.2056;"13014922";"1";604.03384655
0.0412;"13014940";"1";846.13528601
0.4132;"13014940";"3";846.13528601
0.9956;"13014946";"1";944.21081765
0.0296;"13014951";"1";940.79175488
0.0092;"13014967";"2";416.16195479
0.8356;"13014969";"1";501.38964314
0.0168;"13014975";"1";485.30893561
0.0524;"13015002";"1";542.45859119
0.9872;"13015007";"1";812.01002889
0.0312;"13015008";"2";1008.1011825
0.0288;"13015017";"1";734.84592446
0.2076;"13015018";"1";399.38639805
0.1912;"13015028";"1";674.46827586
0.0028;"13015045";"1";2962.960894
0.1024;"13015047";"2";564.67610875
0.004;"13015077";"1";1025.1946224
0.3276;"13015131";"1";279.64111153
0.0044;"13015137";"1";533.85835918
0.2408;"13015174";"1";804.82450438
0.168;"13015186";"1";574.04266901
0.0072;"13015186";"2";574.04266901
0.9864;"13015252";"4";454.8547355
0.0312;"13015298";"2";403.17524626
0.1896;"13015350";"2";969.82544204
0.51;"13015360";"1";491.46900942
0.0012;"13015367";"1";1020.0034126
0.0036;"13015367";"2";1020.0034126
0.0204;"13015396";"1";580.87139776
0.9804;"13015448";"1";535.64732502
0.0028;"13015486";"1";773.30709384
0.0904;"13015501";"1";607.68355897
0.0592;"13015537";"1";312.93618596
0.3372;"13015566";"2";969.4969538
0.1816;"13015616";"1";419.40975432
0.0208;"13015622";"2";412.36766724
0.6964;"13015651";"2";591.74069053
0.074;"13015658";"2";583.18988589
0.214;"13015682";"1";738.95589197
0.732;"13015682";"2";738.95589197
0.1064;"13015699";"1";749.24787614
0.3108;"13015704";"1";542.13944008
0.0352;"13015771";"1";727.7237869
0.5024;"13015837";"1";515.01096042
0.3444;"13015839";"1";404.77572022
0.9832;"13015911";"1";647.60684145
0.05;"13015915";"1";427.18309729
0.1308;"13015926";"1";620.94916645
0.0388;"13015945";"1";797.41708402
0.2832;"13015945";"2";797.41708402
0.1164;"13015956";"1";651.53433949
0.3144;"13016033";"1";564.88732309
0.2188;"13016080";"2";1183.3328979
0.2416;"13016089";"1";664.89926614
0.9524;"13016122";"2";603.09084046
0.1328;"13016134";"1";1367.3475692
0.2412;"13016188";"2";682.59589212
0.7732;"13016241";"1";730.4000654
0.1916;"13016243";"1";545.93998891
0.4648;"13016267";"1";481.77395587
0.8376;"13016295";"1";570.05708808
0.0044;"13016305";"2";321.95251049
0.0048;"13016316";"1";698.81968245
0.026;"13016369";"1";613.67715474
0.534;"13016385";"2";571.00906408
0.1372;"13016397";"1";645.47605643
0.0128;"13016418";"4";754.58427344
0.1828;"13016442";"2";661.85324813
0.0592;"13016490";"2";278.37914866
0.4108;"13016526";"2";580.02849116
0.5468;"13016541";"1";504.9711106
0.1016;"13016541";"2";504.9711106
0.3084;"13016543";"2";494.106462
0.0404;"13016553";"1";481.95651598
0.0648;"13016557";"1";580.00460184
0.5176;"13016559";"2";415.86187169
8e-04;"13016601";"1";977.94515623
0.2784;"13016632";"1";154.14819002
0.126;"13016641";"1";843.61865691
0.102;"13016648";"4";454.729486
0.0156;"13016652";"1";721.52981902
0.038;"13016696";"1";754.38054507
0.0124;"13016703";"2";578.15582987
0.2724;"13016774";"1";1065.6136057
0.5996;"13016826";"1";415.31671292
0.0444;"13016829";"1";613.93489156
0.4588;"13016856";"1";684.21141711
0.2216;"13016950";"1";510.09176805
0.9368;"13016951";"1";491.72499028
0.2364;"13016994";"1";1316.4233163
0.014;"13017014";"1";643.61454773
0.1044;"13017024";"1";688.17802867
0.702;"13017049";"1";306.20783951
0.2244;"13017051";"1";621.26053438
0.004;"13017051";"2";621.26053438
0.25;"13017054";"1";2259.3841271
0.3552;"13017054";"2";2259.3841271
0.0204;"13017128";"1";810.95128435
0.9716;"13017154";"1";533.94755
0.0516;"13017161";"2";238.03045956
0.028;"13017161";"3";238.03045956
0.9524;"13017178";"2";488.56511181
0.0048;"13017221";"2";488.44394847
0.9924;"13017227";"2";755.87845517
0.0048;"13017253";"1";355.66602792
0.0016;"13017278";"1";506.67905328
0.0996;"13017301";"2";367.81901876
0.4768;"13017390";"1";483.54475615
0.0308;"13017427";"3";616.41561412
0.0536;"13017463";"1";976.18485012
0.322;"13017477";"7";515.21362934
0.046;"13017512";"1";710.81991491
0.5348;"13017551";"1";877.53227637
0.084;"13017560";"1";715.65879416
0.0376;"13017618";"1";421.87310815
0.0936;"13017626";"1";721.67027323
0.02;"13017651";"1";355.09942908
0.0344;"13017651";"2";355.09942908
0.7528;"13017669";"1";789.93112744
0.7764;"13017726";"1";582.27274568
0.0572;"13017756";"1";898.71311738
0.5768;"13017774";"1";546.14424298
0.2976;"13017790";"1";699.6457483
0.0816;"13017793";"1";674.61659881
0.9532;"13017848";"1";1336.9403082
0.964;"13017895";"1";812.45711635
0.384;"13017948";"2";908.04572346
0.0716;"13017956";"1";312.15260148
0.0088;"13017958";"1";734.22005356
0.5508;"13017960";"1";618.19539575
0.0552;"13017984";"1";1078.2027489
0.0324;"13018025";"1";490.75321323
0.0116;"13018042";"1";437.16977708
0.152;"13018095";"1";446.95359824
0.6852;"13018095";"2";446.95359824
0.1908;"13018097";"1";532.90085609
0.8964;"13018101";"1";977.60408595
0.0224;"13018109";"1";440.97174741
0.0428;"13018159";"1";586.17594163
0.008;"13018173";"1";642.27057288
0.014;"13018173";"2";642.27057288
0.0172;"13018269";"1";679.37057069
0.0384;"13018269";"2";679.37057069
0.2044;"13018296";"1";330.80448292
0.3848;"13018310";"1";577.4825475
0.0664;"13018345";"2";547.38197066
0.0676;"13018367";"1";522.43055799
0.0688;"13018450";"1";940.40554029
0.08;"13018476";"1";738.80879113
0.0336;"13018497";"1";654.7847327
0.0456;"13018543";"1";773.85407273
0.2068;"13018561";"1";456.27134018
0.3668;"13018634";"1";690.48204701
0.0152;"13018640";"1";2921.4466474
0.0152;"13018652";"1";979.04501576
0.07;"13018654";"1";906.96185587
0.0044;"13018712";"2";1021.342728
0.3904;"13018716";"1";744.07090203
0.0044;"13018728";"1";696.20377991
0.2224;"13018749";"1";738.78622089
0.1516;"13018813";"1";752.23040082
0.8636;"13018855";"1";350.39319222
0.2908;"13018899";"1";445.44416432
0.5976;"13018908";"1";1191.1551031
0.0172;"13018930";"1";632.0855228
0.0904;"13018941";"2";765.25212401
0.092;"13018974";"1";533.61335662
0.1604;"13018981";"1";788.07784322
0.2284;"13019004";"1";731.88096044
0.8172;"13019059";"1";553.32160914
0.0036;"13019060";"1";510.04882326
0.0484;"13019071";"1";936.93327637
0.3816;"13019110";"1";437.22764654
0.0096;"13019119";"1";779.56916508
0.0584;"13019182";"1";584.09209451
0.6792;"13019195";"1";373.06595688
0.3296;"13019217";"1";533.29101507
0.1116;"13019218";"1";678.18033045
0.0032;"13019250";"1";583.08597592
0.0604;"13019255";"2";663.01405615
0.0168;"13019258";"1";669.24455133
0.0468;"13019383";"1";499.16434665
0.0068;"13019385";"2";756.61851229
0.0252;"13019429";"1";611.37566259
0.1744;"13019429";"2";611.37566259
0.0732;"13019433";"1";901.38372843
0.0304;"13019456";"1";742.25166517
0.0112;"13019456";"2";742.25166517
0.2008;"13019465";"1";516.98112608
0.0808;"13019507";"2";329.20917617
0.0144;"13019508";"1";703.76843414
0.4408;"13019528";"1";631.14719999
0.038;"13019561";"1";779.59976738
0.0336;"13019588";"2";317.43628668
0.2548;"13019597";"1";544.61278218
0.3772;"13019599";"1";672.65601512
0.3164;"13019615";"1";415.59613115
0.904;"13019681";"1";433.91703901
0.0144;"13019693";"1";709.01885275
0.4444;"13019818";"2";454.58270273
0.2064;"13019955";"1";492.12041093
0.5092;"13020005";"1";568.75818385
0.8876;"13020030";"1";808.55999789
0.9832;"13020114";"1";524.64076195
0.5884;"13020151";"1";584.34208226
0.0064;"13020152";"1";542.98982003
0.0708;"13020222";"2";474.80254378
0.0252;"13020263";"1";789.47261171
0.154;"13020270";"2";416.81282983
0.0072;"13020290";"1";823.28466618
0.0628;"13020313";"1";687.89303406
0.0872;"13020320";"1";474.95333447
0.2268;"13020341";"1";1093.4890709
0.03;"13020346";"1";752.39553841
0.0588;"13020393";"2";331.34021177
0.0096;"13020400";"2";336.38700661
0.35;"13020457";"1";583.27108783
0.2196;"13020501";"1";742.09344616
0.2464;"13020527";"4";837.31369082
0.006;"13020565";"1";169.79736642
0.102;"13020606";"1";427.89016349
0.5004;"13020633";"1";660.04991753
0.0268;"13020652";"1";461.7826605
0.0304;"13020690";"2";559.21132019
0.1028;"13020699";"1";1782.3685405
0.3876;"13020707";"2";264.32087592
0.0308;"13020712";"1";186.12604671
0.0024;"13020758";"2";498.26349132
0.3028;"13020915";"1";490.46365604
0.2772;"13020934";"1";488.07798589
0.1436;"13020937";"1";1228.527226
0.0144;"13021012";"1";368.51433199
0.1212;"13021071";"1";647.64518937
0.0024;"13021108";"1";961.71540082
0.0136;"13021269";"1";462.91184501
0.0732;"13021269";"2";462.91184501
0.0104;"13021336";"1";887.07579497
0.2092;"13021346";"2";383.37471785
0.042;"13021358";"3";306.10192189
0.7576;"13021372";"1";599.93767071
0.1592;"13021379";"1";389.91286543
0.0564;"13021398";"1";920.01482405
0.9108;"13021433";"1";1113.50705
0.788;"13021439";"1";569.99227957
0.0044;"13021441";"2";718.30311791
0.1472;"13021530";"1";339.99579979
0.0836;"13021549";"1";693.61346929
0.0804;"13021549";"2";693.61346929
0.0244;"13021591";"1";392.47992729
0.0956;"13021617";"1";589.53866964
0.0092;"13021679";"1";254.96850658
0.0236;"13021679";"2";254.96850658
0.5688;"13021694";"2";489.69730287
0.0012;"13021696";"1";331.51860525
0.4456;"13021744";"1";547.13185205
0.0108;"13021772";"1";677.54771477
0.0348;"13021786";"1";478.87332955
0.0088;"13021818";"1";4246.9715221
0.0336;"13021820";"1";956.74668459
0.9116;"13021850";"1";442.24495516
0.0596;"13021863";"1";737.20676035
0.0828;"13021907";"1";191.74705937
0.0868;"13021924";"1";418.76986461
0.4764;"13021928";"1";531.18441518
0.0108;"13021938";"1";699.92428882
0.2376;"13021975";"2";1352.0931357
0.008;"13021987";"1";632.08169899
0.0084;"13022002";"1";684.70240977
0.0572;"13022011";"2";513.24752184
0.0216;"13022019";"1";1102.3032546
0.0104;"13022033";"1";551.60217052
0.0956;"13022051";"1";970.24799607
0.066;"13022053";"2";734.38296913
0.2552;"13022054";"1";427.37867056
0.1708;"13022073";"2";628.63250848
0.2832;"13022147";"1";1070.9441108
0;"13022193";"1";768.19302605
0.7144;"13022202";"1";1078.3296235
0;"13022229";"3";458.80197211
0.0444;"13022343";"1";692.71511556
0.0524;"13022397";"1";419.08688465
0.4616;"13022410";"1";502.71740688
0.1292;"13022444";"1";643.78902284
0.1236;"13022459";"1";477.01999665
0.9868;"13022463";"1";594.88650012
0.0076;"13022475";"1";583.34611423
0.0936;"13022531";"1";380.20255867
0.044;"13022554";"1";738.04258891
0.1528;"13022571";"2";701.16063162
0.1652;"13022580";"1";755.87281769
0.0048;"13022582";"1";329.91151397
0.1288;"13022587";"1";473.59029162
0.2388;"13022618";"1";403.37600543
0.4088;"13022645";"1";573.14165962
0.1444;"13022696";"2";350.02331967
0.11;"13022700";"1";513.11447401
0.1956;"13022700";"2";513.11447401
0.396;"13022728";"1";674.31768109
0.0396;"13022754";"1";657.37728074
0.2184;"13022779";"1";637.62658357
0.2028;"13022779";"2";637.62658357
0.6196;"13022788";"1";630.2671563
0.364;"13022838";"2";440.05088189
0.0196;"13022839";"2";564.78624177
0.0252;"13022872";"1";484.49997398
0.0684;"13022910";"1";549.46316842
0.2468;"13022954";"1";576.71045409
0.0272;"13023029";"1";560.446417
0.2856;"13023036";"1";998.99525914
0.0184;"13023098";"1";796.77700667
0.102;"13023151";"1";418.96243085
0.0624;"13023174";"1";597.69249934
0.0096;"13023174";"2";597.69249934
0.346;"13023255";"1";1345.0933771
0.1504;"13023268";"1";478.23348072
0.024;"13023337";"1";700.41292076
0.6732;"13023339";"1";737.66933556
0.1356;"13023364";"2";419.69749669
0.9848;"13023371";"1";666.72802318
0.0036;"13023400";"6";297.20638412
0.4564;"13023437";"1";445.31183226
0.458;"13023438";"1";286.17056329
0.3548;"13023464";"1";801.00453495
0.0416;"13023491";"2";1558.1373537
0.0328;"13023531";"1";462.19295107
0.004;"13023558";"1";790.05945237
0.0572;"13023581";"1";567.97825106
0.1184;"13023581";"2";567.97825106
0.0136;"13023595";"1";800.50559325
0.3232;"13023602";"1";603.71513
0.0404;"13023610";"1";300.01611807
0.6536;"13023648";"1";1103.2675946
0.04;"13023704";"2";785.36729629
0.1244;"13023726";"1";535.83582134
0.218;"13023747";"1";376.94853112
0.0828;"13023756";"1";388.93993789
0.09;"13023796";"2";766.86288278
0.466;"13023816";"1";642.05429953
0.3444;"13023832";"1";450.88418677
0.5548;"13023902";"1";403.70105238
0.016;"13023959";"1";1730.5902876
0.0036;"13023959";"2";1730.5902876
0.3544;"13024056";"1";492.24052996
0.9084;"13024065";"1";398.13798142
0.1092;"13024072";"1";795.57802032
0.0396;"13024077";"1";671.99452775
0.004;"13024156";"1";546.78946201
0.332;"13024174";"1";553.50558375
0.094;"13024194";"1";599.21421226
0.0304;"13024251";"1";890.62107874
0.4;"13024298";"1";218.66760894
0.9956;"13024323";"1";862.77471937
0.0348;"13024364";"1";363.91035153
4e-04;"13024373";"1";647.32074086
0.0672;"13024374";"1";805.7346686
0.414;"13024438";"1";512.1452466
0.1004;"13024482";"2";949.24650045
0.6332;"13024483";"1";980.60283298
0.006;"13024493";"1";753.01708528
0.0036;"13024497";"1";249.96562425
0.048;"13024584";"1";1034.7240528
0.0128;"13024585";"3";259.18415373
0.0204;"13024612";"1";682.72600588
0.0028;"13024620";"1";410.61691593
0.01;"13024630";"2";589.83562736
0.1416;"13024634";"1";225.53683011
0.0148;"13024634";"2";225.53683011
0.0104;"13024686";"2";328.43937299
0.0228;"13024701";"1";1013.9280568
0.0328;"13024708";"1";1921.5207086
0.2588;"13024718";"1";495.12348354
0.0144;"13024718";"2";495.12348354
0.0396;"13024732";"1";882.39728094
0.004;"13024732";"2";882.39728094
0.1128;"13024764";"1";758.74577703
0.6904;"13024779";"1";1628.5939573
0.2816;"13024779";"2";1628.5939573
0;"13024793";"1";668.80785679
0.0396;"13024859";"2";1004.4255341
0.9908;"13024919";"1";472.50931698
0.854;"13024969";"1";983.14417191
0.4328;"13024984";"1";602.75706391
0.5816;"13024993";"2";268.04400734
0.9892;"13025031";"1";465.97076131
0.246;"13025036";"2";519.21301391
0.0396;"13025069";"1";510.3044404
0.0756;"13025282";"1";812.32986101
0.026;"13025282";"2";812.32986101
0.4572;"13025284";"2";783.47155487
0.2036;"13025417";"2";466.60407084
0.0076;"13025476";"1";988.89550378
0.4492;"13025489";"1";496.62060404
0.8168;"13025547";"1";2143.8629848
0.0048;"13025627";"2";403.41639427
0.0028;"13025638";"1";835.15462103
0.4968;"13025664";"1";257.9558404
0.6156;"13025678";"1";696.51713412
0.0044;"13025705";"1";817.17709978
0.118;"13025712";"1";702.70378606
0.5456;"13025759";"1";360.17811689
0.0112;"13025766";"1";343.70405534
0.1496;"13025822";"2";285.61056604
0.6468;"13025860";"2";553.42921206
0.2924;"13025919";"1";550.27220822
0;"13025922";"1";563.34543731
0.0076;"13025922";"2";563.34543731
0.05;"13026062";"4";464.76590647
0.0876;"13026075";"2";426.62015327
0.6252;"13026087";"2";523.30719798
0.0528;"13026106";"1";857.30657281
0.0676;"13026140";"1";496.67860842
0.2696;"13026157";"1";646.38223109
0.4812;"13026173";"1";707.21029577
0.1004;"13026177";"1";544.67909337
0.0748;"13026201";"1";605.31084156
0.958;"13026202";"1";1334.397671
0.032;"13026249";"1";319.75597211
0.1172;"13026264";"1";490.50907731
0.5768;"13026265";"2";704.08633186
0.008;"13026328";"2";422.01563776
0.924;"13026347";"1";393.81275626
0.454;"13026347";"2";393.81275626
0.1016;"13026363";"1";396.30773344
0.0452;"13026363";"2";396.30773344
0.5448;"13026450";"2";1392.7093771
0.5612;"13026459";"1";410.37608858
0.0928;"13026488";"1";1049.3919454
0.1812;"13026490";"1";857.53647093
0.144;"13026490";"2";857.53647093
0.3388;"13026506";"1";453.56914436
0.0024;"13026508";"1";577.25580356
0.0892;"13026519";"4";3108.6521889
0.0212;"13026519";"5";3108.6521889
0.7092;"13026545";"1";592.28062257
0.5792;"13026577";"2";435.11885453
0.1732;"13026586";"2";714.15232458
0.3584;"13026601";"1";505.21545844
0.386;"13026627";"1";1303.658419
0.4848;"13026634";"1";916.40100289
0.032;"13026636";"1";665.46674031
0.0024;"13026637";"1";796.03232138
0.1888;"13026650";"1";642.28470185
0.0856;"13026651";"1";569.47157433
0.074;"13026665";"2";346.18366155
8e-04;"13026686";"1";389.59857792
0.0276;"13026710";"2";818.67812657
0.1368;"13026727";"2";633.27661487
0.272;"13026764";"1";583.18631086
0.0044;"13026778";"1";243.71410991
0.0536;"13026821";"2";497.36312648
0.2584;"13026974";"1";285.7094539
0.0668;"13026993";"1";231.38169954
0.5664;"13026998";"1";550.6490565
0.0392;"13027001";"2";674.22862534
0.0592;"13027073";"1";986.39165863
0.1688;"13027112";"1";1329.1524447
0.0532;"13027113";"1";396.83905518
0.0412;"13027121";"1";337.94557235
0.1076;"13027165";"1";1013.4948826
0.0408;"13027184";"1";345.89036976
0.5512;"13027192";"1";433.3616733
0.8152;"13027284";"2";423.82087442
0.086;"13027285";"1";444.51417702
0.2484;"13027302";"2";570.53944063
0.3548;"13027370";"1";659.00650741
0.4636;"13027406";"1";405.0369977
0.1984;"13027409";"1";495.82531618
0.1016;"13027451";"1";317.41809457
0.0048;"13027465";"1";1125.9872978
0.0116;"13027490";"1";301.61211311
0.7748;"13027514";"2";488.47364949
0.0052;"13027518";"1";284.72137802
0.064;"13027594";"1";349.80605543
0.1568;"13027594";"2";349.80605543
0.8192;"13027609";"1";843.41759469
0.0096;"13027636";"3";423.27708318
0.414;"13027734";"1";936.20811488
0.0224;"13027759";"1";372.69582246
0.0684;"13027801";"2";378.60178548
0.0424;"13027809";"1";629.27100763
0.0024;"13027811";"2";448.48275175
0.74;"13027920";"2";272.13493452
0.0048;"13027948";"1";625.38381587
0.0028;"13027950";"1";644.95779826
0.1952;"13027950";"2";644.95779826
0.4324;"13028023";"2";265.2723693
0.0024;"13028028";"1";816.04549372
0.1408;"13028072";"1";693.61282611
0.0836;"13028072";"2";693.61282611
0.3808;"13028095";"1";409.99779358
0.9288;"13028108";"1";468.14314541
0.3772;"13028108";"2";468.14314541
0.9968;"13028109";"1";809.80364431
0.0792;"13028215";"1";307.54088863
0.2804;"13028232";"1";381.10489693
0.4304;"13028238";"4";639.73864158
0.018;"13028261";"2";1087.6892233
0.3;"13028351";"1";618.62582939
0.0112;"13028352";"1";929.78944089
0.0184;"13028444";"1";661.23423873
0.2976;"13028451";"2";735.94544908
0.9676;"13028500";"1";828.21273146
0.2924;"13028578";"1";722.95146994
0.2772;"13028597";"1";624.46758682
0.0388;"13028618";"1";429.78590095
0.42;"13028713";"1";506.99372662
0.2564;"13028731";"1";517.05932253
0.4788;"13028733";"1";694.25076476
0.0084;"13028744";"1";913.11976817
0.6884;"13028832";"1";303.93633541
0.5712;"13028832";"2";303.93633541
0.8056;"13028842";"1";583.93366516
0.9608;"13028894";"1";510.64752867
0.0152;"13028989";"2";421.04316635
0.3068;"13029003";"1";924.4167044
0.5184;"13029052";"1";2000.5786878
0.9208;"13029067";"1";808.04195906
0.3312;"13029087";"1";627.7903094
0.0172;"13029151";"1";511.87276064
0.6968;"13029199";"1";790.46925969
0.1648;"13029316";"1";752.42533495
0.3884;"13029319";"1";765.11495434
0.0348;"13029320";"1";247.55295725
0.04;"13029342";"1";519.09231582
0.0556;"13029394";"1";741.66048901
0.0472;"13029413";"1";382.68144671
0.3696;"13029428";"1";732.23037998
0.426;"13029449";"1";809.42067113
0.2536;"13029461";"1";1520.8270739
0.0464;"13029468";"1";619.19732455
0.2964;"13029472";"1";810.05200009
0.0156;"13029478";"1";482.19565447
0.0288;"13029506";"1";645.31735153
0.0716;"13029506";"2";645.31735153
0.0292;"13029543";"1";382.90483601
0.2388;"13029630";"1";667.5215745
0.9604;"13029647";"1";956.95552221
0.3628;"13029728";"2";382.09836386
0.5688;"13029800";"1";647.16307137
0.0536;"13029847";"1";509.85048113
0.1488;"13029851";"1";471.31274954
0.0356;"13029887";"2";438.26380917
0.0232;"13029939";"2";360.04958691
0.0072;"13029943";"1";497.90676227
0.9704;"13029969";"1";754.87802126
0.166;"13029978";"2";710.89746707
0.158;"13030005";"1";372.44902573
0.2032;"13030006";"1";961.72907802
0.3848;"13030043";"1";621.88837315
0.3384;"13030083";"1";952.1962716
0.1088;"13030091";"1";773.51414647
0.4352;"13030105";"1";1368.5100678
0.2092;"13030267";"1";636.80223614
0.1608;"13030269";"1";962.811739
0.9956;"13030364";"2";1456.6175403
0.0228;"13030380";"2";1627.0472217
0.1132;"13030410";"1";1122.2938693
0.0464;"13030462";"1";569.37433506
0.1232;"13030519";"2";624.39506971
0.0564;"13030550";"2";484.54848285
0.2204;"13030574";"1";394.79636814
0.4028;"13030599";"1";542.87153963
0.0572;"13030620";"1";267.84480828
0.6096;"13030651";"1";1225.7605449
0.0512;"13030652";"5";670.33491847
0.87;"13030654";"1";877.34775016
0.024;"13030675";"1";1648.7561522
0.2888;"13030726";"1";526.12215572
0.0224;"13030868";"1";1044.3224596
0.1628;"13030895";"1";1012.2759433
0.0172;"13030895";"2";1012.2759433
0.1224;"13030913";"1";78.78070935
0.0084;"13030920";"1";589.59372538
0.3972;"13030937";"1";637.75438589
0.5676;"13030967";"2";638.54482736
0.304;"13030992";"1";663.1482985
0.2092;"13030993";"1";686.43615283
0.0052;"13031016";"1";466.92428681
0.046;"13031018";"1";295.60562601
0.138;"13031042";"1";521.08558416
0.3848;"13031044";"1";413.70021723
0.01;"13031062";"1";734.50518158
0.4132;"13031092";"3";2167.4244147
0.0712;"13031092";"4";2167.4244147
0.0156;"13031101";"1";744.46945982
0.1176;"13031122";"1";561.4955991
0.0496;"13031123";"1";685.84260721
0.9704;"13031145";"1";550.18345519
0.148;"13031150";"1";609.1364248
0.12;"13031166";"1";483.1633763
0.1412;"13031166";"2";483.1633763
0.2172;"13031178";"1";881.74705744
0.0952;"13031198";"1";1062.8486782
0.0032;"13031246";"1";635.99733033
0.0056;"13031265";"1";393.74196477
0.0152;"13031354";"1";553.96169131
0.0024;"13031406";"1";556.80945948
0.0144;"13031415";"1";1190.170424
0.0236;"13031435";"1";144.74144762
0.018;"13031439";"1";881.65825794
0.4752;"13031524";"1";510.32896006
0.0584;"13031602";"1";665.19376063
0.1492;"13031602";"2";665.19376063
0.4968;"13031675";"2";749.32773304
0.1172;"13031717";"1";848.95330087
0.0212;"13031759";"1";1453.6213539
0.0152;"13031778";"1";856.89361701
0.002;"13031791";"1";1581.2738489
0.7792;"13031885";"1";544.29476864
0.5044;"13031989";"1";626.88207334
0.102;"13031993";"1";532.20148773
0.5668;"13032076";"1";550.52432017
0.306;"13032087";"1";607.49634186
0.3496;"13032159";"1";690.11295192
0.182;"13032169";"1";637.11201588
0.98;"13032173";"1";712.9525513
0.0512;"13032325";"1";727.15083111
0.144;"13032345";"1";478.81795371
0.1144;"13032363";"1";451.27540495
0.0012;"13032385";"1";920.959484
0.5452;"13032463";"1";510.54230562
0.1288;"13032476";"1";128.80492542
1;"13032521";"1";663.61659249
0.0448;"13032526";"1";414.71478713
0.5508;"13032534";"1";407.08863698
0.05;"13032536";"2";436.03835651
0.1136;"13032543";"2";357.54601767
0.9848;"13032640";"1";557.17248154
0.1216;"13032649";"1";545.42588939
0.2024;"13032694";"1";440.81664136
0.0404;"13032831";"1";684.16544017
0.0652;"13032836";"1";773.34099711
0.4864;"13032913";"1";404.141854
0.0736;"13033009";"1";534.87115815
0.0328;"13033038";"1";962.64623489
0.3204;"13033048";"2";2293.6753116
0.2824;"13033078";"1";719.11894673
0.08;"13033115";"1";1034.0312287
0.434;"13033142";"1";538.5472413
0.0584;"13033142";"2";538.5472413
0.1044;"13033225";"1";663.044166
0.0032;"13033231";"1";304.42002942
0.0264;"13033231";"2";304.42002942
0.1048;"13033270";"1";380.5924781
0.004;"13033295";"1";733.72321417
0.1648;"13033403";"2";1363.5146376
0.1448;"13033427";"2";868.52218546
0.4404;"13033468";"2";296.5576959
0.05;"13033536";"1";371.61396698
0.0904;"13033536";"2";371.61396698
0.1016;"13033550";"1";881.6885619
0.2092;"13033561";"1";602.54029827
0.0572;"13033627";"2";336.07468128
0.014;"13033632";"1";455.18448086
0.0284;"13033695";"1";574.80679804
0.0276;"13033700";"1";505.67162752
0.0164;"13033732";"2";1317.9255858
0.122;"13033744";"1";676.81448564
0.136;"13033760";"1";1637.4540793
0.0192;"13033761";"2";623.99889726
0.2656;"13033768";"2";594.52745298
0.0976;"13033776";"1";681.89449439
0.0364;"13033795";"1";783.41872176
0.4868;"13033800";"1";845.38777397
0.9124;"13033802";"1";233.74569966
0.1668;"13033802";"2";233.74569966
0.28;"13033809";"1";603.80079412
0.002;"13033812";"1";884.25654665
0.0116;"13033812";"2";884.25654665
0.0264;"13033842";"1";590.52227844
0.502;"13033861";"1";257.65398557
0.0556;"13033943";"3";639.1187734
0.0584;"13033951";"2";228.19321428
0.6184;"13034047";"1";609.90979941
0.926;"13034061";"1";590.57750885
0.0076;"13034068";"1";639.68751396
0.0348;"13034075";"1";687.26145171
0.0636;"13034090";"1";529.5867955
0.494;"13034095";"1";368.53512587
0.0628;"13034111";"1";379.06612476
0.2896;"13034169";"1";715.95132633
0.1596;"13034187";"2";680.76476566
0.9148;"13034283";"1";400.11113764
0.0872;"13034285";"1";1570.3599064
0.982;"13034287";"1";566.4105586
0.3364;"13034290";"1";569.05905206
0.0568;"13034300";"1";1401.5617985
0.022;"13034302";"2";738.22227381
0.1072;"13034329";"1";418.96084427
0.4548;"13034342";"1";552.1154815
0.0336;"13034347";"2";354.39697558
0.4568;"13034387";"1";885.75887808
0.1048;"13034397";"1";589.04149763
0.274;"13034404";"1";1277.2091465
0.0312;"13034474";"1";461.11989828
0.0552;"13034492";"1";473.09082216
0.482;"13034508";"2";563.52772655
0.5124;"13034567";"1";383.52217191
0.0264;"13034572";"2";481.13149221
0.0268;"13034592";"1";862.36573962
0.2356;"13034613";"1";466.70848182
0.0824;"13034653";"1";539.66921093
0.5832;"13034654";"1";631.22805241
0.0576;"13034689";"1";948.50579009
0.058;"13034706";"1";952.70208647
0.2036;"13034709";"1";1035.6344955
0.0152;"13034738";"1";363.39671228
0.356;"13034805";"1";573.68254348
0.0164;"13034834";"1";727.77658694
0.1128;"13034835";"1";412.5458697
0.0052;"13034923";"1";496.00533476
0.018;"13034939";"1";504.30475057
0.8576;"13034947";"1";546.63866907
0.1784;"13035005";"1";419.85694491
0.0324;"13035021";"2";499.51836332
0.0404;"13035045";"2";783.80326929
0.154;"13035208";"1";271.09781511
0.0108;"13035228";"1";1050.7372861
0.2648;"13035236";"1";456.89010411
0.1028;"13035249";"1";6469.3052016
0.0052;"13035260";"1";437.03101559
0.03;"13035286";"1";562.65820626
0.1184;"13035294";"1";911.67135772
0.0076;"13035329";"1";514.2841395
0.0116;"13035374";"1";491.34493387
0.1508;"13035383";"1";179.31470145
0.9896;"13035391";"1";470.29454967
0.29;"13035427";"1";391.68296199
0.0304;"13035427";"2";391.68296199
0.0464;"13035472";"1";448.79893932
0.9936;"13035479";"1";398.29944428
0.1204;"13035484";"1";857.10900077
0.0892;"13035624";"1";640.4177203
0.6036;"13035624";"2";640.4177203
0.0064;"13035652";"2";752.79043175
0.0436;"13035659";"1";1088.4158414
0.0696;"13035660";"2";1613.6703664
0.0404;"13035675";"1";1461.8988179
0.3892;"13035677";"2";541.59726065
0.2464;"13035678";"1";810.68830145
0.9772;"13035683";"1";414.758947
0.0412;"13035687";"1";634.63716435
0.1084;"13035707";"1";885.26179575
0.0724;"13035749";"1";1334.0223219
0.9392;"13035794";"1";658.33175328
0.1444;"13035818";"1";714.173449
0.496;"13035821";"1";549.0500413
0.0184;"13035837";"1";903.34326509
0.0344;"13035865";"1";480.16470212
0.056;"13035914";"2";1253.0912193
0.0116;"13035918";"2";761.75996617
0.0216;"13035949";"1";764.43830301
0.0232;"13036038";"1";649.00329256
0.0304;"13036126";"1";195.41362712
0.0276;"13036135";"2";355.64397943
0.0152;"13036152";"1";715.49237197
0.5128;"13036233";"1";283.48929681
0.0704;"13036238";"1";682.5828422
0.0572;"13036295";"1";801.39260078
0.0704;"13036297";"1";781.04710646
0.8656;"13036316";"1";658.05869548
0.3096;"13036355";"1";426.64710715
0.0324;"13036400";"1";634.81743767
0.0056;"13036403";"1";719.97644865
0.0164;"13036403";"2";719.97644865
0.0036;"13036404";"2";745.75609639
0.0136;"13036455";"2";782.09051408
8e-04;"13036466";"2";855.46610225
0.0748;"13036501";"1";836.7786643
0.8728;"13036511";"2";659.75958464
0.012;"13036582";"2";503.36797974
0.1108;"13036604";"1";522.7360413
0.5772;"13036662";"1";504.26318134
0.7672;"13036748";"1";948.34240482
0.984;"13036777";"1";704.7248349
0.18;"13036884";"1";1622.9667601
0.006;"13036917";"2";769.11554448
0.3176;"13036922";"2";535.52816627
0.996;"13036935";"1";1049.3480401
0.2916;"13036980";"1";414.87502005
0.1776;"13036997";"2";391.61160464
0.2244;"13037023";"1";450.81973144
0.0392;"13037047";"1";603.30437428
0.4724;"13037054";"1";657.06849833
0.1536;"13037091";"1";874.98560953
0.812;"13037108";"1";730.5476019
8e-04;"13037129";"2";512.68379451
0.028;"13037154";"1";914.69401982
0.0048;"13037157";"1";672.30567891
0.1968;"13037167";"1";484.30103889
0.6088;"13037188";"1";579.70282405
0.2496;"13037242";"2";839.24367188
0.028;"13037253";"2";844.86598587
0.3344;"13037276";"1";756.335285
0.01;"13037314";"2";505.29253379
0.0448;"13037316";"2";794.62458591
0.1992;"13037335";"1";908.82314531
0.0636;"13037347";"2";516.5369443
0.236;"13037355";"2";1038.9480183
0.0096;"13037412";"1";628.51747655
0.1768;"13037460";"1";712.9667834
0.4756;"13037484";"2";604.31668355
0.0292;"13037577";"1";536.6854662
0.3968;"13037581";"1";463.37294913
0.0064;"13037613";"1";375.74923234
0.0296;"13037625";"1";736.85973436
0.0124;"13037625";"2";736.85973436
0.0384;"13037635";"1";866.28579177
0.0936;"13037664";"1";710.68936416
0.0552;"13037705";"1";339.61567098
0.01;"13037705";"2";339.61567098
0.0012;"13037706";"1";661.762116
0.8456;"13037756";"1";673.18341384
0.0332;"13037779";"1";659.88176183
0.0164;"13037820";"1";786.957747
0.0144;"13037820";"2";786.957747
0.3848;"13037825";"2";303.36076259
0.05;"13037864";"2";290.06101718
0.2208;"13037894";"1";965.20683526
0.0616;"13037902";"1";726.90900531
0.9876;"13037924";"1";592.57099821
0.0556;"13037933";"2";394.35393425
0.4956;"13037975";"1";878.11759356
0.0244;"13037975";"2";878.11759356
0.2672;"13038017";"1";734.58871799
0.0156;"13038029";"1";435.17000805
0.0496;"13038029";"2";435.17000805
0.678;"13038048";"1";161.530313
0.1784;"13038051";"1";641.29942453
0.0772;"13038060";"1";814.9042372
0.2128;"13038170";"1";749.36174508
0.4908;"13038191";"1";323.72628468
0.0256;"13038191";"2";323.72628468
0.198;"13038200";"1";491.86473384
0.8244;"13038211";"1";746.73328046
0.6576;"13038211";"2";746.73328046
0.0248;"13038246";"1";870.3053308
0.0312;"13038327";"1";495.66772714
0.1724;"13038332";"1";230.12005176
0.9792;"13038392";"1";964.84385359
0.1436;"13038398";"1";623.99143828
0.0464;"13038409";"2";343.33553112
0.414;"13038437";"1";325.95616968
0.1072;"13038535";"1";660.81277298
0.1352;"13038567";"2";460.45899867
0.1352;"13038567";"2";460.45899867
0.0116;"13038594";"1";532.54267606
0.006;"13038619";"1";444.16075897
0.0248;"13038736";"1";1188.3657538
0.3432;"13038860";"1";769.1592657
0.0056;"13038861";"2";634.57167767
0.4364;"13038922";"1";599.06389908
0.9496;"13038937";"1";575.39632862
0.2428;"13038971";"1";615.308147
0.0508;"13038991";"1";1091.7969956
0.1236;"13039073";"1";434.79378221
0.0172;"13039108";"2";465.9388207
0.2068;"13039147";"1";432.66252825
0.3228;"13039206";"1";381.83797912
0.0996;"13039245";"1";545.67570251
0.1068;"13039308";"1";710.54040964
0.0796;"13039339";"1";448.20581048
0.944;"13039360";"2";215.96611478
0.0064;"13039392";"2";657.08433576
0.2532;"13039437";"1";360.00793807
0.038;"13039440";"1";474.31391272
0.0024;"13039445";"1";524.15129507
0.0128;"13039446";"1";543.94308304
0.0256;"13039446";"2";543.94308304
0.2488;"13039461";"1";523.56379726
0.2476;"13039467";"2";563.43046369
0.0016;"13039473";"1";643.73681461
0.0172;"13039506";"1";545.21826141
0.8952;"13039533";"1";744.76779703
0.9444;"13039600";"3";867.66683945
0.068;"13039643";"2";592.41595091
0.1028;"13039697";"2";544.11516194
0.9812;"13039964";"1";569.43585542
0.0056;"13039979";"1";320.17844987
0.7768;"13039999";"1";798.8981816
0.3528;"13040004";"1";627.79347178
0.0092;"13040006";"1";632.26746162
0.4784;"13040014";"1";625.21920327
0.3672;"13040068";"2";796.66031617
0.0516;"13040072";"1";632.54788288
0.3056;"13040086";"1";475.58587571
0.7012;"13040086";"2";475.58587571
4e-04;"13040125";"1";5140.3064553
0.0412;"13040140";"1";717.20424535
0.3412;"13040142";"2";812.72258462
0.0396;"13040144";"1";485.73535769
0.012;"13040206";"1";466.21573903
0.1692;"13040221";"1";444.82014898
0.018;"13040222";"1";453.0368571
0.942;"13040250";"1";860.69634047
0.0164;"13040284";"1";1055.2012839
0.014;"13040286";"1";924.12965581
0.528;"13040309";"1";472.55687026
0.0084;"13040341";"1";1162.8144572
0.0348;"13040360";"1";525.71261845
8e-04;"13040449";"1";385.88899242
0.0476;"13040462";"1";979.03639294
0.284;"13040478";"1";1014.2570165
0.3464;"13040494";"1";295.66257426
0.0208;"13040502";"1";644.95049422
0.0092;"13040502";"2";644.95049422
0.1104;"13040563";"1";655.59811352
0.006;"13040565";"2";931.79956798
0.1768;"13040606";"1";282.02348737
8e-04;"13040802";"1";443.47255594
0.0048;"13040805";"1";853.35932512
0.0476;"13040841";"1";878.85105896
0.448;"13040884";"1";468.86410016
0.3792;"13040984";"1";526.90032616
0.016;"13040999";"2";885.76580133
0.002;"13041006";"1";818.91065888
0.0448;"13041012";"1";552.39111162
0.0532;"13041012";"2";552.39111162
0.0344;"13041019";"2";839.77387903
0.026;"13041089";"1";314.68734701
0.1768;"13041096";"1";690.1462028
0.3048;"13041096";"2";690.1462028
0.9788;"13041103";"1";636.38939511
0.224;"13041106";"3";1007.7068053
0.8072;"13041117";"2";595.60931037
0.0724;"13041160";"2";482.57060527
0.0056;"13041180";"1";1519.2677671
0.1512;"13041182";"2";155.44802217
0.202;"13041198";"1";482.68637324
0.1992;"13041227";"2";501.06743332
0.5468;"13041240";"1";176.04945084
0.41;"13041299";"2";937.65593281
0.1112;"13041308";"1";377.56853964
0.5776;"13041308";"2";377.56853964
0.01;"13041333";"1";669.54969618
0.1108;"13041395";"1";503.03189912
0.1188;"13041466";"1";577.68461512
0.1604;"13041466";"2";577.68461512
0.1212;"13041500";"1";1252.5700546
0.0016;"13041507";"1";1001.5032005
0;"13041583";"1";805.04465493
0.0192;"13041612";"1";1009.3674535
0.414;"13041640";"1";538.2317545
0.0532;"13041643";"1";523.81945801
0.0604;"13041681";"1";672.53946118
0.0536;"13041704";"1";541.75862581
0.446;"13041708";"1";533.21552191
0.164;"13041711";"1";582.41264905
0.0088;"13041752";"2";585.61724559
0.9396;"13041758";"1";459.74041734
0.0644;"13041781";"1";2035.1390638
0.6908;"13041805";"1";395.54928092
0.124;"13041816";"1";363.45936818
0.0272;"13041831";"2";268.20140287
0.4424;"13041879";"1";377.21597128
0.1072;"13041890";"1";902.92300691
0.118;"13041897";"2";700.80832559
0.2756;"13041957";"1";646.39304597
0.9884;"13041964";"1";456.27944288
0.28;"13042089";"1";412.70464465
0.8828;"13042115";"1";777.92673725
0.878;"13042158";"2";362.05798298
0.9788;"13042163";"2";387.68027516
0.0316;"13042168";"2";470.2054856
0.4292;"13042176";"2";796.17240243
0.0188;"13042201";"2";386.80951021
0.062;"13042251";"1";1468.5401185
0.154;"13042303";"1";499.12203875
0.2384;"13042304";"1";681.75384003
0.0124;"13042373";"1";450.2466693
0.1036;"13042390";"2";335.40879006
0.0356;"13042463";"1";865.22067772
0.25;"13042494";"1";1165.5213745
0.4632;"13042523";"1";709.35950888
0.9968;"13042524";"1";744.53158271
0.632;"13042582";"2";172.57776838
0.0732;"13042611";"1";1220.187397
0.288;"13042631";"1";2594.1291903
0.5308;"13042678";"1";402.69797437
0.1652;"13042678";"2";402.69797437
0.1288;"13042775";"2";444.86831635
0.6168;"13042785";"1";760.98543133
0.4836;"13042863";"2";1014.2385032
0.9992;"13042870";"1";704.15164927
0.736;"13042874";"1";683.84831112
0.0348;"13042878";"1";615.58223216
8e-04;"13042943";"1";512.56404368
0.0128;"13043137";"1";319.94448408
0.5236;"13043137";"2";319.94448408
0.0628;"13043146";"1";656.78581646
0.0192;"13043166";"1";848.47839733
0.1652;"13043189";"1";772.25359281
0.0792;"13043281";"1";660.00663783
0.1876;"13043300";"1";490.08515358
0.104;"13043300";"2";490.08515358
0.2516;"13043355";"1";1053.3292215
0.0828;"13043359";"1";497.32063041
0.2744;"13043375";"1";618.13267343
0.4616;"13043376";"1";856.02172458
0.7448;"13043378";"1";491.92496597
0.032;"13043449";"1";395.76089134
0.4328;"13043463";"1";1086.9737956
0.374;"13043467";"1";167.64243802
0.0636;"13043555";"1";280.24221066
0.4808;"13043564";"1";425.19959553
0.028;"13043598";"1";591.07896409
0.5228;"13043716";"1";430.02466929
0.2116;"13043717";"1";544.92935358
0.008;"13043725";"1";724.0315234
0.1388;"13043772";"1";681.10473571
0.0604;"13043802";"1";590.35655529
0.1316;"13043802";"2";590.35655529
0.0468;"13043851";"1";983.67305686
0.916;"13043856";"1";921.7414474
0.022;"13043869";"1";385.43871176
0.112;"13043871";"1";4610.3925536
0.2648;"13043877";"1";401.8540725
0.0852;"13043952";"1";383.33022248
0.0796;"13043970";"1";806.01862833
0.092;"13043990";"1";535.99884354
0.2012;"13044014";"1";699.50959151
0.3408;"13044023";"2";526.02253534
0.146;"13044057";"1";644.44766142
0.0552;"13044074";"1";1023.8138112
0.3344;"13044078";"1";563.93352466
0.0784;"13044082";"2";526.19121032
0.0368;"13044121";"2";496.85728775
0.2704;"13044185";"1";278.44874742
0.1064;"13044251";"1";977.1094482
0.0036;"13044305";"1";875.2646169
0.4024;"13044311";"1";629.90822869
0.4468;"13044328";"1";991.70976584
0.0644;"13044402";"2";289.00460293
0.0404;"13044405";"1";583.30884225
0.354;"13044480";"1";1042.8050995
0.0012;"13044502";"1";902.87076917
0.5976;"13044505";"1";1356.7355881
0.1384;"13044512";"1";294.33742702
0.0028;"13044611";"1";526.21100926
0.078;"13044631";"1";673.50640593
0.0544;"13044690";"1";726.08550705
0.0972;"13044692";"1";1062.7966248
0.0232;"13044696";"2";6598.801003
0.6776;"13044704";"1";533.6407082
0.0288;"13044708";"1";729.31606986
0.0124;"13044716";"2";663.60971206
0.1208;"13044731";"2";1336.6332854
0.054;"13044732";"1";573.68415508
0.0636;"13044807";"2";568.34836952
0.03;"13044813";"1";1492.5411326
0.5344;"13044822";"2";507.12883106
0.9876;"13044839";"1";519.27534822
0.3168;"13044938";"1";348.87663622
0.1872;"13044991";"1";732.02506658
0.1636;"13045063";"1";585.65522395
0.0024;"13045081";"2";2426.5985662
0.2136;"13045083";"2";484.44326165
0.006;"13045085";"1";476.13299316
0.3576;"13045097";"2";315.25519791
0.0336;"13045102";"1";484.7035408
0.2084;"13045122";"1";1033.4749066
0.2392;"13045175";"1";1638.0165291
0.096;"13045226";"1";594.7712524
0.0132;"13045289";"1";471.3768686
0.2796;"13045316";"1";809.77342983
0.008;"13045324";"1";375.34506477
0.9932;"13045343";"1";678.62764838
0.0792;"13045422";"2";411.49647855
0.0152;"13045430";"1";602.14545598
0.4128;"13045441";"5";876.42760627
0.1028;"13045446";"1";626.06147052
0.2028;"13045464";"1";420.57294592
0.0288;"13045520";"2";408.46111505
0.0232;"13045535";"2";463.37001127
0.2904;"13045563";"1";371.91754843
0.572;"13045579";"1";946.71898503
0.232;"13045624";"1";1001.8592969
0.01;"13045628";"1";400.04798227
0.1528;"13045657";"2";610.8651453
0.0088;"13045699";"2";3229.8927895
0.044;"13045707";"1";645.68421241
0.0648;"13045741";"1";836.6184833
0.06;"13045741";"2";836.6184833
0.9824;"13045746";"1";977.53855138
0.0672;"13045787";"1";789.01334592
0.4524;"13045801";"1";569.71979919
0.0016;"13045828";"1";1347.8598378
0.2812;"13045832";"1";797.37495708
0.2988;"13045844";"1";569.0254271
0.3144;"13045862";"1";530.41358707
0.3308;"13045862";"2";530.41358707
0.0072;"13045905";"1";758.18067204
0.0076;"13045905";"2";758.18067204
0.0708;"13045916";"1";464.95251973
0.07;"13045942";"1";2148.7866652
0.0348;"13045974";"2";467.96968169
0.0032;"13045983";"1";623.09685573
0.2292;"13045984";"1";961.68479924
0.616;"13045987";"1";458.30986149
0.008;"13046009";"1";2304.3494008
0.3692;"13046010";"1";582.69040977
0.2596;"13046050";"1";757.41744968
0.3548;"13046072";"1";569.49012579
0.1112;"13046077";"2";503.49777281
0.0128;"13046095";"1";604.72320491
0.0268;"13046101";"1";641.9096557
0.014;"13046118";"2";402.03537251
0.3312;"13046126";"1";1196.9264549
0.064;"13046149";"5";795.22017658
0.1424;"13046215";"2";207.29103846
0.0012;"13046216";"1";1001.3275679
0.3996;"13046227";"2";639.25222828
0.2684;"13046248";"1";896.46947378
0.1408;"13046248";"2";896.46947378
0.106;"13046278";"1";615.75126912
0.3232;"13046312";"1";632.91026456
0.644;"13046313";"2";818.69007676
0.0036;"13046332";"2";650.47089712
0.2404;"13046334";"2";685.43360781
0.6548;"13046366";"2";550.88052182
0.016;"13046397";"2";234.5782861
0.0032;"13046427";"2";614.11370572
0.6416;"13046471";"1";378.17399984
0.7236;"13046471";"2";378.17399984
0.016;"13046531";"1";340.1676288
0.2028;"13046544";"1";391.78385917
0.0156;"13046590";"3";310.13978196
0.07;"13046659";"1";530.06237043
0.6384;"13046734";"1";808.88302251
0.1664;"13046748";"1";638.36978675
0.0108;"13046748";"2";638.36978675
0.016;"13046766";"2";818.96044075
0.0744;"13046808";"1";465.38781692
0.0504;"13046878";"1";656.49839199
0.0584;"13046893";"1";701.91926326
0.0372;"13046911";"2";198.73405601
0.1632;"13046930";"1";333.52573457
0.0376;"13046933";"1";2222.9714447
0.1108;"13046967";"1";537.1289762
0.1208;"13046968";"2";562.65491328
0.2164;"13046995";"2";579.23196596
0.048;"13047003";"1";766.3171142
0.138;"13047050";"1";240.32446974
0.1148;"13047069";"1";2682.6285537
0.0056;"13047080";"1";519.97382886
0.626;"13047126";"1";472.49192757
0.1704;"13047202";"1";3986.3954782
0.218;"13047288";"1";469.12063393
0.142;"13047372";"2";231.6494624
0.224;"13047392";"1";602.6937794
0.0176;"13047394";"2";622.63897649
0.008;"13047433";"1";573.14246828
0.016;"13047438";"1";692.41424827
0.0824;"13047438";"2";692.41424827
0.1712;"13047452";"2";1244.9148206
0.0296;"13047460";"3";592.19789808
0.0668;"13047461";"1";454.48229867
0.9548;"13047617";"1";279.4804791
0.7752;"13047618";"1";639.58644796
0.2052;"13047673";"1";1162.2606939
0.1716;"13047697";"1";889.38940984
0.0368;"13047800";"1";733.46392673
0.0136;"13047828";"4";829.62324705
0.2692;"13047828";"5";829.62324705
0.7144;"13047837";"2";732.35796532
0.1616;"13047846";"1";890.69333158
0.1316;"13047877";"1";500.60017914
0.07;"13047898";"1";621.03743166
0.07;"13047898";"1";621.03743166
0.62;"13047907";"1";727.84955869
0.7328;"13047917";"1";717.1963424
0.0024;"13047965";"2";402.27951087
0.7016;"13048002";"1";437.51433636
0.2592;"13048090";"1";387.49890657
0.022;"13048153";"1";665.87523155
0.2028;"13048182";"1";780.35103281
0.0132;"13048204";"2";247.98602955
0.0216;"13048274";"1";565.52764824
0.0448;"13048283";"2";475.78054982
0.5092;"13048289";"1";524.84157991
0.4236;"13048302";"2";366.89413624
0.1576;"13048331";"1";374.76105073
0.0636;"13048355";"1";1033.0695486
0.1292;"13048364";"2";417.4170001
0.122;"13048365";"2";782.00378802
0.0056;"13048400";"1";1235.9351766
0.1008;"13048407";"1";651.81057546
0.1444;"13048434";"1";726.27169971
0.9944;"13048457";"1";647.7591565
0.3576;"13048545";"1";474.22734174
0.0388;"13048551";"1";1847.961309
0.0348;"13048645";"1";413.77638843
0.0052;"13048671";"2";1487.8107585
0.3404;"13048683";"2";592.84477994
0.1136;"13048702";"1";409.29478878
0.0232;"13048724";"1";869.55894239
0.7164;"13048767";"1";553.80462842
0.0412;"13048785";"1";514.71402541
0.1628;"13048877";"1";483.43670795
0.0256;"13048911";"1";1911.9007222
0.942;"13048995";"1";233.02532053
0.114;"13049031";"1";309.7778114
0.0172;"13049031";"2";309.7778114
0.2528;"13049032";"1";850.09468595
0.0332;"13049065";"2";539.39892325
0.3104;"13049081";"2";531.11365647
0.1444;"13049096";"1";534.8046814
0.4828;"13049096";"2";534.8046814
0.6464;"13049161";"1";428.075909
0.7516;"13049179";"1";1640.3003065
0.1032;"13049208";"1";1883.7898807
0.162;"13049259";"1";461.1194835
0.0548;"13049263";"3";841.26568402
0.018;"13049263";"4";841.26568402
0.0356;"13049273";"2";732.21071534
0.0396;"13049294";"1";354.28240902
0.8612;"13049372";"1";822.46746419
0.0196;"13049441";"1";1272.3788397
0.2716;"13049468";"1";259.41539895
0.2016;"13049476";"1";706.09220452
0.004;"13049480";"1";897.30007556
0.008;"13049505";"1";843.1603749
0.0704;"13049520";"1";401.71856057
0.006;"13049635";"1";713.30157576
0.0148;"13049654";"3";429.06871114
0.0564;"13049655";"1";316.96172794
0.0084;"13049674";"2";531.63684314
0.136;"13049687";"2";880.63048875
0.536;"13049696";"1";213.94625008
0.0212;"13049722";"1";404.76873352
0.0644;"13049741";"1";979.79076894
0.0116;"13049754";"1";833.31416034
0.0772;"13049792";"1";840.16462967
0.0644;"13049810";"1";499.31033332
0.1172;"13049818";"2";844.73595793
0.0564;"13049840";"2";330.58706886
0.0244;"13049846";"1";371.75757101
0.7008;"13049877";"1";519.40410652
0.0324;"13049898";"1";157.06207715
0.0012;"13049898";"2";157.06207715
0.004;"13049914";"2";430.2902682
0.0504;"13049938";"1";1268.9005299
0.1304;"13049972";"1";637.99607851
0.0516;"13049985";"2";753.49574432
0.0796;"13050032";"1";262.36626515
0.454;"13050042";"1";687.27970878
0.0596;"13050045";"1";896.08404309
0.2312;"13050059";"1";577.11455231
4e-04;"13050074";"1";2834.0834287
0.0312;"13050076";"1";917.53564775
0.9456;"13050174";"1";699.97764971
0.0572;"13050218";"1";487.14345411
0.314;"13050263";"1";775.4537245
0.2644;"13050314";"1";807.20429276
0.0532;"13050382";"1";406.9812186
0.0272;"13050382";"2";406.9812186
0.3724;"13050393";"1";4756.7671994
0.0968;"13050394";"2";470.38335696
0.1808;"13050452";"2";240.30985357
0.1052;"13050503";"2";672.17886869
0.2448;"13050507";"1";889.09648907
0.3896;"13050519";"1";945.92583705
0.6524;"13050519";"2";945.92583705
0.5264;"13050553";"1";323.20366536
0.1596;"13050554";"1";823.84940462
0.1028;"13050585";"2";855.87333241
0.0776;"13050630";"1";477.02779161
0.0052;"13050649";"1";217.93035816
4e-04;"13050653";"1";1338.1225216
0.108;"13050688";"1";220.45191218
0.0228;"13050696";"1";513.40515795
0.1416;"13050751";"1";460.99615492
0.0784;"13050768";"1";790.72875103
0.0896;"13050768";"2";790.72875103
0.0612;"13050827";"1";605.34642517
0.0472;"13050868";"2";374.64653347
0.1928;"13050949";"1";769.84238085
0.0212;"13050954";"2";913.35105316
0.0144;"13051016";"1";702.69717718
0.1988;"13051026";"1";652.25721406
0.0904;"13051030";"1";333.73327025
0.0452;"13051036";"2";551.32818084
0.0724;"13051092";"1";533.56720429
0.0208;"13051092";"2";533.56720429
0.2764;"13051122";"2";508.90511974
0.2528;"13051123";"1";212.16120518
0.8872;"13051161";"4";371.30230271
0.0112;"13051226";"1";726.0648431
0.1252;"13051306";"1";893.07496048
0.994;"13051390";"2";572.21646878
0.1304;"13051408";"1";594.09936237
0.0036;"13051415";"1";712.95940337
0.0028;"13051435";"1";582.73071452
0.1528;"13051435";"2";582.73071452
0.0296;"13051466";"1";701.42319182
0;"13000011";"2";465.13263333
0;"13000070";"1";445.19087115
1;"13000200";"1";532.4576261
0;"13000293";"1";1038.0233161
0;"13000353";"1";549.94768488
0;"13000424";"1";403.2621364
0;"13000732";"1";240.8541398
0;"13000779";"1";355.85808838
0;"13000803";"2";632.68889409
0;"13000918";"1";819.37910358
0;"13000947";"1";1060.8235629
0;"13000957";"1";528.77513861
0;"13000984";"1";314.89538538
0;"13001074";"2";709.19184941
0;"13001084";"1";644.16535073
0;"13001346";"2";1005.6360769
0;"13001378";"1";720.8707086
1;"13001378";"2";720.8707086
0;"13001502";"1";316.37349225
1;"13001553";"1";939.41241851
0;"13001607";"1";817.77714572
0;"13001615";"2";486.59915614
0;"13001648";"2";446.85303947
1;"13001765";"1";543.62490243
0;"13002056";"1";650.96072011
1;"13002109";"1";1250.5224181
1;"13002335";"1";1079.6922005
0;"13002373";"3";626.18516736
1;"13002404";"1";588.10919112
0;"13002451";"1";951.44135967
0;"13002451";"2";951.44135967
0;"13002464";"1";760.50251254
0;"13002504";"1";527.36524869
1;"13002526";"1";1003.5971561
0;"13002585";"1";464.42135447
0;"13002721";"1";624.05576813
0;"13002736";"2";529.02646876
0;"13003002";"1";566.67442279
1;"13003057";"1";835.63255112
0;"13003317";"1";586.36613018
0;"13003541";"3";703.66639329
0;"13004003";"2";928.04876178
0;"13004066";"1";417.33859069
0;"13004142";"1";832.45671373
0;"13004340";"1";207.58599719
0;"13004488";"1";354.74754024
1;"13004518";"1";1242.7903995
0;"13004543";"1";817.39133594
0;"13004732";"1";443.46254631
0;"13004875";"2";702.30946702
0;"13005121";"1";662.03885869
0;"13005159";"3";993.70787244
1;"13005282";"9";466.51873978
1;"13005282";"10";466.51873978
1;"13005340";"1";575.18596655
0;"13005350";"2";262.81855762
0;"13005355";"1";470.80875548
0;"13005439";"1";637.31807037
0;"13005642";"1";926.35228337
0;"13005642";"2";926.35228337
0;"13005744";"1";457.74839042
0;"13006242";"1";643.91432975
0;"13006294";"2";212.07836219
1;"13006316";"1";526.78654715
0;"13006415";"1";769.58461782
0;"13006666";"1";510.92883475
0;"13006854";"1";1119.8261229
0;"13006904";"1";969.29092421
0;"13007122";"1";1153.5861846
0;"13007199";"1";300.04764453
0;"13007306";"1";595.12348602
1;"13007382";"2";495.78310547
1;"13007486";"1";1205.5137375
1;"13007491";"1";506.5367915
0;"13007491";"2";506.5367915
0;"13007733";"1";734.33199585
0;"13007872";"1";315.42862509
1;"13007977";"1";558.53182125
0;"13008011";"1";453.06535355
0;"13008121";"1";1138.1088377
0;"13008266";"1";1142.8027571
0;"13008373";"1";653.53899481
0;"13008431";"1";418.4634163
0;"13008465";"2";583.36535109
0;"13008723";"1";364.03822827
0;"13008812";"1";988.69064281
0;"13008845";"2";380.02387461
1;"13008880";"1";647.35991636
0;"13008996";"1";511.58414913
0;"13009011";"1";595.58515651
0;"13009232";"1";1043.6143805
0;"13009417";"2";1508.416284
0;"13009618";"1";433.61159716
1;"13009875";"1";766.84903223
0;"13009931";"1";1005.4328125
0;"13009937";"2";560.51007523
0;"13010127";"1";1191.0719268
1;"13010316";"1";706.40438879
0;"13010361";"2";1733.0422566
1;"13010367";"1";891.00325141
1;"13010411";"1";572.76471686
0;"13010500";"1";634.34769162
0;"13010572";"1";376.90006355
0;"13010574";"1";528.97372686
0;"13010574";"2";528.97372686
0;"13010681";"4";237.07404896
0;"13010935";"1";502.77578053
1;"13010935";"2";502.77578053
0;"13011147";"1";890.86281289
0;"13011273";"1";770.49768842
1;"13011467";"1";1068.3423256
0;"13011467";"2";1068.3423256
1;"13011565";"1";329.1704682
0;"13011680";"1";329.23013729
0;"13011717";"5";424.2456565
0;"13011795";"2";579.03179267
1;"13011868";"1";586.70529652
0;"13011945";"2";917.19796423
0;"13012041";"1";350.90127334
1;"13012120";"1";697.9432608
1;"13012245";"1";228.63686296
1;"13012352";"3";711.94425191
0;"13012792";"3";481.99879884
1;"13013094";"1";652.18712307
0;"13013095";"2";413.74489067
0;"13013131";"1";763.74158563
0;"13013223";"1";546.61449115
0;"13013341";"2";510.2726721
0;"13013354";"1";697.21226852
1;"13013412";"2";500.91067868
1;"13013558";"1";547.10922407
0;"13013719";"1";2443.8963653
0;"13013723";"1";561.38530169
0;"13013918";"3";817.08847408
0;"13014134";"1";858.21514777
0;"13014245";"1";545.0711114
1;"13014326";"1";923.47905779
1;"13014358";"1";694.86037617
0;"13014632";"1";446.8826977
0;"13014669";"1";883.11616874
0;"13014765";"2";380.82773397
0;"13014860";"1";690.35934983
0;"13014907";"1";1009.4461653
0;"13014950";"1";574.50802565
0;"13014995";"1";618.94031407
1;"13015024";"1";603.83412471
0;"13015083";"2";948.87410047
0;"13015101";"1";947.6628695
0;"13015241";"2";522.07828175
0;"13015287";"1";559.96925818
0;"13015481";"1";609.58868648
0;"13015616";"2";419.40975432
0;"13015623";"1";813.06525095
0;"13015658";"1";583.18988589
1;"13015742";"1";472.90845234
0;"13015816";"1";668.04218838
0;"13015915";"2";427.18309729
0;"13015978";"1";1099.6421391
0;"13016050";"1";796.39067981
1;"13016058";"1";795.84319263
0;"13016295";"2";570.05708808
0;"13016346";"1";659.76744432
0;"13016350";"1";440.91855689
0;"13016514";"1";791.30967838
0;"13016519";"1";407.04549337
0;"13016526";"1";580.02849116
1;"13016562";"2";424.28309019
0;"13016640";"1";387.85263877
0;"13016645";"1";471.32775742
1;"13016788";"1";578.76399334
0;"13016852";"1";189.57586041
0;"13017144";"1";616.00825444
0;"13017221";"1";488.44394847
0;"13017307";"1";541.43501457
1;"13017558";"1";815.41742644
0;"13017580";"4";678.45954652
1;"13017604";"1";605.49602713
1;"13017617";"1";203.41293048
0;"13017679";"2";842.6203472
1;"13017755";"1";527.93118924
0;"13017793";"2";674.61659881
0;"13017913";"1";718.22707342
0;"13017968";"1";545.11200675
0;"13018214";"1";707.73212518
0;"13018312";"3";441.76250731
0;"13018325";"1";1131.5004008
0;"13018345";"1";547.38197066
0;"13018399";"1";534.80598905
0;"13018533";"1";956.01110731
0;"13018785";"2";744.74723372
1;"13018842";"1";469.65644709
0;"13018941";"1";765.25212401
0;"13019078";"1";417.91624963
1;"13019304";"1";805.93348812
0;"13019455";"2";932.74915961
1;"13019513";"1";823.75796643
0;"13019554";"1";494.8469563
1;"13019581";"2";197.99906317
0;"13019624";"8";636.77459938
0;"13019680";"1";931.24749229
0;"13019797";"1";520.12792979
1;"13020066";"1";1085.1392558
0;"13020150";"1";578.62972271
1;"13020190";"1";659.21352306
1;"13020279";"1";1138.007063
0;"13020378";"1";392.088086
0;"13020515";"2";518.17743191
1;"13020680";"4";313.10391317
0;"13020713";"1";1027.1990077
0;"13020713";"2";1027.1990077
1;"13020756";"1";938.14379426
0;"13020869";"1";1074.9671632
0;"13021045";"5";488.6278483
0;"13021051";"1";792.86958317
0;"13021057";"3";755.90946631
0;"13021095";"1";1363.1541686
0;"13021244";"1";939.33906507
1;"13021295";"1";635.81138697
1;"13021422";"1";597.88207154
0;"13021513";"1";760.33710123
0;"13021653";"1";707.50013026
0;"13021696";"2";331.51860525
0;"13021791";"1";676.67670102
0;"13021966";"1";1073.0063634
0;"13021996";"2";633.0032226
0;"13022277";"1";621.52213488
0;"13022396";"1";628.44218751
0;"13022413";"1";767.37112525
0;"13022600";"1";514.9174887
0;"13022610";"2";681.68229946
1;"13022731";"1";624.46501518
0;"13022858";"1";471.70432947
0;"13022858";"2";471.70432947
0;"13023018";"1";1586.3445039
1;"13023072";"1";638.39052872
0;"13023074";"1";704.18216845
0;"13023320";"1";490.43927803
0;"13023320";"2";490.43927803
0;"13023334";"1";833.95451439
0;"13023517";"1";1399.5724728
0;"13023649";"1";706.39062427
0;"13023649";"2";706.39062427
0;"13023674";"1";1057.3572947
0;"13023674";"2";1057.3572947
0;"13023684";"1";776.5190623
0;"13023795";"1";621.19299781
0;"13023868";"2";675.22545197
0;"13023901";"2";442.14775485
0;"13023955";"2";473.44631456
1;"13023961";"1";79.464148734
1;"13023979";"2";1229.2371807
0;"13024007";"1";428.31671637
0;"13024037";"2";210.58219166
0;"13024050";"2";475.90154272
0;"13024103";"2";634.20568341
1;"13024186";"1";800.70589432
0;"13024292";"1";623.58114533
0;"13024302";"1";483.2815042
1;"13024430";"1";648.9300464
0;"13024522";"2";886.82735809
0;"13024645";"2";1060.7786554
0;"13024672";"1";603.93155482
0;"13024696";"1";373.2930794
1;"13024856";"1";700.1090561
0;"13024916";"1";679.57919692
0;"13024917";"1";489.0472216
0;"13024985";"2";659.88287929
1;"13025105";"1";1110.1855744
1;"13025146";"1";282.8920659
0;"13025159";"2";877.07556986
1;"13025208";"1";724.96911577
0;"13025280";"1";297.16184439
0;"13025503";"1";325.60152859
1;"13025584";"1";840.19899528
0;"13026023";"1";1009.333471
1;"13026074";"1";456.66366237
1;"13026107";"2";2050.8337976
0;"13026145";"1";437.41093901
0;"13026164";"2";1050.4457868
1;"13026195";"1";912.99309551
0;"13026201";"2";605.31084156
0;"13026202";"2";1334.397671
1;"13026217";"2";825.79455121
1;"13026430";"1";730.4430636
0;"13026622";"1";523.80615978
0;"13026750";"1";884.91969725
0;"13026760";"2";464.3429844
1;"13026766";"1";774.42875774
1;"13026866";"2";906.25635362
0;"13027042";"1";698.89751811
0;"13027186";"1";748.24281622
0;"13027212";"2";611.5937012
1;"13027336";"1";1315.2927948
0;"13027392";"1";362.79615837
0;"13027559";"1";1038.517806
1;"13027832";"1";830.09393678
1;"13027942";"1";387.99957799
0;"13028211";"1";789.12415436
0;"13028362";"1";796.06215266
0;"13028459";"3";792.84733337
0;"13028516";"1";786.68705895
0;"13028625";"1";642.27889437
0;"13028736";"2";1287.7870991
0;"13028761";"1";429.24354132
0;"13028789";"1";331.71700753
0;"13028855";"1";592.5292312
0;"13028986";"1";897.1120195
0;"13028989";"4";421.04316635
0;"13029013";"1";841.84876629
1;"13029110";"1";515.32997905
0;"13029634";"2";339.95109135
1;"13029662";"1";595.39398927
1;"13029982";"1";365.57215913
0;"13029983";"1";822.94580457
0;"13029989";"1";536.24179806
0;"13030131";"1";1091.0319847
0;"13030136";"1";620.90133357
0;"13030293";"1";1120.5906527
0;"13030300";"1";554.62985613
0;"13030321";"1";840.06894281
0;"13030537";"1";1439.7644125
0;"13030599";"2";542.87153963
0;"13030621";"1";547.0532222
0;"13030629";"1";768.84040476
0;"13030753";"1";2330.4208448
0;"13030763";"1";522.09685481
0;"13030791";"1";747.53888662
0;"13030929";"2";412.25588388
0;"13030967";"1";638.54482736
0;"13031178";"2";881.74705744
0;"13031238";"1";652.04595465
0;"13031411";"2";992.5465216
1;"13031432";"1";442.57180849
0;"13031516";"1";458.93038303
0;"13031516";"2";458.93038303
0;"13031524";"2";510.32896006
0;"13031557";"1";736.32795628
0;"13031565";"2";629.19715201
0;"13031605";"5";1739.8592529
0;"13031820";"1";364.55530443
0;"13031834";"1";695.4562385
0;"13032121";"1";312.04041475
0;"13032175";"2";997.47113523
0;"13032301";"2";1208.9617848
0;"13032330";"1";720.12643621
0;"13032369";"1";863.4864019
0;"13032651";"1";1063.5554296
0;"13032949";"1";785.20605123
0;"13032949";"2";785.20605123
1;"13032997";"1";866.36054084
0;"13033061";"1";1502.8329167
0;"13033159";"2";656.06879943
1;"13033236";"1";1601.4772627
0;"13033363";"1";844.72768987
0;"13033375";"1";792.10642751
0;"13033446";"2";578.15931379
0;"13033455";"1";495.55576349
0;"13033524";"2";656.28601968
0;"13033584";"1";1277.3712608
0;"13033837";"2";934.87748327
0;"13033851";"2";268.33551851
0;"13034010";"5";485.80409614
0;"13034071";"2";393.96294417
0;"13034074";"1";621.28142542
0;"13034088";"1";348.32295613
0;"13034160";"2";725.85815996
0;"13034186";"1";449.96525664
1;"13034237";"4";766.7939202
0;"13034302";"1";738.22227381
1;"13034410";"1";521.52883578
1;"13034410";"2";521.52883578
0;"13034601";"1";793.70618519
0;"13034744";"1";3223.8319054
0;"13034878";"1";714.88204964
0;"13035056";"1";554.07348204
0;"13035129";"1";858.66075598
0;"13035134";"1";854.4961724
1;"13035175";"2";274.82441754
0;"13035488";"1";763.88253366
0;"13035679";"6";483.33331709
0;"13035679";"7";483.33331709
0;"13035703";"1";445.49362524
0;"13035892";"1";589.93542055
0;"13035907";"1";732.645985
0;"13035914";"1";1253.0912193
0;"13035923";"1";451.10151255
1;"13036065";"1";665.51493822
1;"13036138";"1";988.43705584
0;"13036614";"1";1025.4298959
0;"13036723";"1";413.57226809
0;"13036724";"1";971.96998855
1;"13036782";"1";914.949663
1;"13036849";"1";725.15409177
0;"13036890";"1";1091.3943282
1;"13036895";"2";426.05912719
0;"13037214";"2";383.32734959
0;"13037320";"1";618.10573582
0;"13037391";"1";1626.6120249
0;"13037461";"1";957.09929512
1;"13037482";"1";933.73114615
0;"13037546";"1";749.63238277
0;"13037657";"2";609.69306503
1;"13037662";"1";890.36592823
0;"13037797";"1";367.14097286
0;"13037855";"1";664.01851245
1;"13037968";"1";451.72039834
1;"13038093";"1";2836.053084
0;"13038143";"1";535.82158861
0;"13038186";"1";909.95640999
1;"13038267";"2";953.61037186
0;"13038435";"2";613.28049978
0;"13038620";"2";2017.4384135
0;"13039108";"1";465.9388207
0;"13039160";"2";265.90417063
0;"13039352";"1";897.67944325
0;"13039467";"3";563.43046369
0;"13039629";"1";660.69133085
0;"13039643";"1";592.41595091
1;"13039677";"1";1478.6108112
0;"13039738";"1";656.30575024
0;"13039908";"2";338.46764239
1;"13039962";"1";891.37924108
1;"13039970";"1";818.14757808
0;"13039983";"1";694.86365623
0;"13039983";"2";694.86365623
1;"13040230";"1";717.31978195
0;"13040308";"9";708.04811531
1;"13040777";"1";500.06020398
0;"13041004";"2";235.22689109
0;"13041063";"1";2883.610564
0;"13041071";"1";908.52468846
0;"13041110";"1";1975.5339707
1;"13041117";"1";595.60931037
0;"13041128";"1";138.25422453
1;"13041192";"1";713.9416292
1;"13041375";"2";649.06812772
1;"13041807";"1";963.57282112
0;"13041808";"5";1534.288623
0;"13041949";"1";564.53851319
0;"13042046";"1";436.3659115
0;"13042095";"1";709.87364314
0;"13042113";"1";457.70613501
0;"13042221";"2";780.34717934
0;"13042221";"3";780.34717934
0;"13042331";"1";607.33789412
0;"13042335";"1";872.50883912
0;"13042580";"1";475.31805161
1;"13042630";"1";424.87849967
0;"13042684";"1";339.54388506
0;"13042954";"2";425.00625463
1;"13042972";"1";328.92842595
0;"13043044";"2";966.23794173
0;"13043114";"1";366.69894419
1;"13043114";"2";366.69894419
1;"13043620";"1";522.10545935
0;"13043636";"1";716.64857694
0;"13043929";"1";644.29128061
0;"13043935";"1";713.92422177
0;"13043935";"5";713.92422177
0;"13044058";"1";631.52532425
1;"13044144";"1";844.80726982
1;"13044329";"1";759.44996518
0;"13044347";"1";763.49710534
0;"13044384";"1";1798.6573884
1;"13044447";"2";963.59012072
0;"13044449";"1";1101.3825336
0;"13044725";"2";678.2159155
1;"13044851";"1";774.90860672
0;"13045034";"1";244.43809185
0;"13045143";"1";563.20212412
0;"13045271";"1";574.27210611
1;"13045421";"1";797.97331647
0;"13045641";"2";416.86956337
0;"13045782";"1";823.65698972
0;"13046050";"2";757.41744968
0;"13046093";"1";404.53535994
0;"13046107";"1";471.73473857
0;"13046250";"2";360.0638041
0;"13046314";"1";511.44001752
0;"13046314";"2";511.44001752
0;"13046315";"1";1956.8132476
0;"13046351";"1";617.71918252
0;"13046410";"1";568.95083928
0;"13046783";"1";919.40405604
0;"13046795";"1";1601.6413773
1;"13047176";"1";531.3389345
1;"13047239";"1";813.61976085
0;"13047324";"1";1191.8676347
1;"13047674";"1";615.15629228
0;"13047896";"1";486.71952711
0;"13048258";"2";629.49294325
0;"13048270";"2";524.17691084
0;"13048274";"2";565.52764824
0;"13048301";"1";603.47308245
0;"13048346";"1";922.26058383
0;"13048352";"3";778.0323335
0;"13048539";"4";870.36649496
0;"13048584";"1";575.20140426
1;"13049018";"1";318.10009834
1;"13049099";"1";922.4429836
0;"13049222";"2";795.77618488
0;"13049230";"1";369.01484229
0;"13049273";"1";732.21071534
1;"13049931";"1";272.63602236
0;"13050165";"1";1152.8360223
0;"13050295";"1";707.97808901
1;"13050347";"1";516.96725963
0;"13050349";"1";815.41025322
1;"13050398";"1";679.28131271
0;"13050486";"1";284.70351423
0;"13050486";"1";284.70351423
0;"13050513";"1";947.41969772
0;"13050527";"1";816.89339002
0;"13050566";"2";341.39073817
0;"13050571";"1";1043.4836762
0;"13050638";"1";857.50131499
1;"13050836";"1";581.12746679
0;"13050871";"2";595.64858035
0;"13051055";"2";1159.1287305
1;"13051110";"1";1113.7244975
0;"13051118";"1";2953.4240602
1;"13051142";"1";751.39141137
1;"13051161";"3";371.30230271
0;"13051315";"1";949.25250433
